State,Value
        X,0.0
       OX,1.0
       X ,0.0
       XO,0.0
      O X,1.0
      OX ,0.0
      OXX,-1.0
      X  ,0.0
      X O,1.0
      XO ,1.0
      XOX,0.0
      XXO,-1.0
     O  X,1.0
     O X ,1.0
     O XX,1.0
     OOXX,1.0
     OX  ,1.0
     OX X,1.0
     OXOX,1.0
     OXX ,0.0
     OXXO,0.0
     X   ,0.0
     X  O,0.0
     X O ,1.0
     X OX,0.0
     X XO,0.0
     XO  ,1.0
     XO X,1.0
     XOOX,1.0
     XOX ,-1.0
     XOXO,1.0
     XX O,0.0
     XXO ,0.0
     XXOO,1.0
    O   X,0.0
    O  X ,0.0
    O  XX,0.0
    O OXX,0.0
    O X  ,0.0
    O X X,0.0
    O XOX,0.0
    O XX ,0.0
    O XXO,0.0
    OO XX,1.0
    OOX X,1.0
    OOXX ,1.0
    OOXXX,1.0
    OX   ,0.0
    OX  X,0.0
    OX OX,1.0
    OX X ,0.0
    OX XO,0.0
    OXO X,1.0
    OXOX ,0.0
    OXOXX,-1.0
    OXX  ,0.0
    OXX O,0.0
    OXXO ,0.0
    OXXOX,-1.0
    OXXXO,-1.0
    X    ,0.0
    X   O,0.0
    X  O ,1.0
    X  OX,1.0
    X  XO,0.0
    X O  ,0.0
    X O X,0.0
    X OOX,1.0
    X OX ,0.0
    X OXO,1.0
    X X O,0.0
    X XO ,0.0
    X XOO,1.0
    XO   ,1.0
    XO  X,0.0
    XO OX,1.0
    XO X ,1.0
    XO XO,1.0
    XOO X,1.0
    XOOX ,1.0
    XOOXX,1.0
    XOX  ,1.0
    XOX O,1.0
    XOXO ,1.0
    XOXOX,1.0
    XOXXO,-1.0
    XX  O,0.0
    XX O ,1.0
    XX OO,1.0
    XXO  ,0.0
    XXO O,1.0
    XXOO ,1.0
    XXOXO,1.0
    XXXOO,1.0
   O    X,1.0
   O   X ,1.0
   O   XX,-1.0
   O  OXX,-1.0
   O  X  ,1.0
   O  X X,1.0
   O  XOX,1.0
   O  XX ,1.0
   O  XXO,1.0
   O O XX,1.0
   O OX X,1.0
   O OXX ,1.0
   O OXXX,1.0
   O X   ,0.0
   O X  X,0.0
   O X OX,1.0
   O X X ,0.0
   O X XO,0.0
   O XO X,1.0
   O XOX ,1.0
   O XOXX,-1.0
   O XX  ,0.0
   O XX O,0.0
   O XXO ,1.0
   O XXOX,0.0
   O XXXO,0.0
   OO  XX,1.0
   OO X X,1.0
   OO XX ,1.0
   OO XXX,1.0
   OOX  X,1.0
   OOX X ,1.0
   OOX XX,1.0
   OOXOXX,1.0
   OOXX  ,1.0
   OOXX X,1.0
   OOXXOX,1.0
   OOXXX ,0.0
   OOXXXO,0.0
   OX    ,1.0
   OX   X,1.0
   OX  OX,1.0
   OX  X ,1.0
   OX  XO,1.0
   OX O X,1.0
   OX OX ,1.0
   OX OXX,-1.0
   OX X  ,0.0
   OX X O,1.0
   OX XO ,1.0
   OX XOX,1.0
   OX XXO,1.0
   OXO  X,1.0
   OXO X ,1.0
   OXO XX,1.0
   OXOOXX,1.0
   OXOX  ,1.0
   OXOX X,0.0
   OXOXOX,1.0
   OXOXX ,0.0
   OXOXXO,1.0
   OXX   ,0.0
   OXX  O,0.0
   OXX O ,1.0
   OXX OX,1.0
   OXX XO,0.0
   OXXO  ,0.0
   OXXO X,-1.0
   OXXOOX,1.0
   OXXOX ,-1.0
   OXXOXO,1.0
   OXXX O,0.0
   OXXXO ,0.0
   OXXXOO,1.0
   X     ,0.0
   X    O,1.0
   X   O ,1.0
   X   OX,0.0
   X   XO,-1.0
   X  O  ,0.0
   X  O X,0.0
   X  OOX,1.0
   X  OX ,0.0
   X  OXO,1.0
   X  X O,1.0
   X  XO ,0.0
   X  XOO,1.0
   X O   ,0.0
   X O  X,0.0
   X O OX,1.0
   X O X ,0.0
   X O XO,1.0
   X OO X,0.0
   X OOX ,0.0
   X OOXX,0.0
   X OX  ,0.0
   X OX O,1.0
   X OXO ,1.0
   X OXOX,0.0
   X OXXO,-1.0
   X X  O,-1.0
   X X O ,-1.0
   X X OO,1.0
   X XO  ,-1.0
   X XO O,1.0
   X XOO ,1.0
   X XOOX,0.0
   X XOXO,0.0
   X XXOO,0.0
   XO    ,0.0
   XO   X,0.0
   XO  OX,0.0
   XO  X ,0.0
   XO  XO,0.0
   XO O X,0.0
   XO OX ,0.0
   XO OXX,-1.0
   XO X  ,0.0
   XO X O,1.0
   XO XO ,1.0
   XO XOX,-1.0
   XO XXO,-1.0
   XOO  X,1.0
   XOO X ,1.0
   XOO XX,0.0
   XOOOXX,0.0
   XOOX  ,1.0
   XOOX X,1.0
   XOOXOX,1.0
   XOOXX ,1.0
   XOOXXO,1.0
   XOX   ,-1.0
   XOX  O,-1.0
   XOX O ,-1.0
   XOX OX,-1.0
   XOX XO,-1.0
   XOXO  ,-1.0
   XOXO X,-1.0
   XOXOX ,-1.0
   XOXOXO,-1.0
   XOXX O,-1.0
   XOXXO ,-1.0
   XOXXOO,0.0
   XX   O,0.0
   XX  O ,1.0
   XX  OO,1.0
   XX O  ,0.0
   XX O O,1.0
   XX OO ,1.0
   XX OXO,1.0
   XXO   ,0.0
   XXO  O,0.0
   XXO O ,1.0
   XXO OX,0.0
   XXO XO,-1.0
   XXOO  ,0.0
   XXOO X,0.0
   XXOOOX,1.0
   XXOOX ,0.0
   XXOOXO,1.0
   XXOX O,-1.0
   XXOXO ,1.0
   XXOXOO,1.0
   XXX OO,1.0
   XXXO O,1.0
   XXXOO ,1.0
  O     X,1.0
  O    X ,1.0
  O    XX,1.0
  O   OXX,1.0
  O   X  ,1.0
  O   X X,1.0
  O   XOX,1.0
  O   XX ,-1.0
  O   XXO,-1.0
  O  O XX,1.0
  O  OX X,1.0
  O  OXX ,1.0
  O  OXXX,1.0
  O  X   ,0.0
  O  X  X,-1.0
  O  X OX,0.0
  O  X X ,-1.0
  O  X XO,1.0
  O  XO X,1.0
  O  XOX ,1.0
  O  XOXX,-1.0
  O  XX  ,0.0
  O  XX O,1.0
  O  XXO ,1.0
  O  XXOX,-1.0
  O  XXXO,-1.0
  O O  XX,1.0
  O O X X,1.0
  O O XX ,1.0
  O O XXX,1.0
  O OX  X,0.0
  O OX X ,0.0
  O OX XX,-1.0
  O OXOXX,-1.0
  O OXX  ,0.0
  O OXX X,0.0
  O OXXOX,0.0
  O OXXX ,0.0
  O OXXXO,0.0
  O X    ,0.0
  O X   X,0.0
  O X  OX,1.0
  O X  X ,0.0
  O X  XO,1.0
  O X O X,1.0
  O X OX ,1.0
  O X OXX,1.0
  O X X  ,0.0
  O X X O,0.0
  O X XO ,1.0
  O X XOX,0.0
  O X XXO,-1.0
  O XO  X,1.0
  O XO X ,1.0
  O XO XX,1.0
  O XOOXX,1.0
  O XOX  ,1.0
  O XOX X,1.0
  O XOXOX,1.0
  O XOXX ,-1.0
  O XOXXO,-1.0
  O XX   ,0.0
  O XX  O,1.0
  O XX O ,1.0
  O XX OX,0.0
  O XX XO,1.0
  O XXO  ,1.0
  O XXO X,1.0
  O XXOOX,1.0
  O XXOX ,1.0
  O XXOXO,1.0
  O XXX O,0.0
  O XXXO ,0.0
  O XXXOO,1.0
  OO   XX,1.0
  OO  X X,1.0
  OO  XX ,1.0
  OO  XXX,1.0
  OO X  X,0.0
  OO X X ,0.0
  OO X XX,-1.0
  OO XOXX,-1.0
  OO XX  ,0.0
  OO XX X,0.0
  OO XXOX,0.0
  OO XXX ,0.0
  OO XXXO,0.0
  OOOX XX,1.0
  OOOXX X,1.0
  OOOXXX ,1.0
  OOOXXXX,1.0
  OOX   X,1.0
  OOX  X ,1.0
  OOX  XX,0.0
  OOX OXX,1.0
  OOX X  ,1.0
  OOX X X,1.0
  OOX XOX,1.0
  OOX XX ,0.0
  OOX XXO,1.0
  OOXO XX,1.0
  OOXOX X,1.0
  OOXOXX ,1.0
  OOXOXXX,1.0
  OOXX   ,0.0
  OOXX  X,-1.0
  OOXX OX,1.0
  OOXX X ,0.0
  OOXX XO,1.0
  OOXXO X,1.0
  OOXXOX ,1.0
  OOXXOXX,-1.0
  OOXXX  ,0.0
  OOXXX O,0.0
  OOXXXO ,0.0
  OOXXXOX,0.0
  OOXXXXO,0.0
  OX     ,1.0
  OX    X,0.0
  OX   OX,0.0
  OX   X ,-1.0
  OX   XO,-1.0
  OX  O X,1.0
  OX  OX ,1.0
  OX  OXX,-1.0
  OX  X  ,-1.0
  OX  X O,1.0
  OX  XO ,1.0
  OX  XOX,0.0
  OX  XXO,-1.0
  OX O  X,1.0
  OX O X ,1.0
  OX O XX,1.0
  OX OOXX,1.0
  OX OX  ,1.0
  OX OX X,0.0
  OX OXOX,1.0
  OX OXX ,-1.0
  OX OXXO,-1.0
  OX X   ,-1.0
  OX X  O,1.0
  OX X O ,1.0
  OX X OX,-1.0
  OX X XO,-1.0
  OX XO  ,1.0
  OX XO X,-1.0
  OX XOOX,1.0
  OX XOX ,-1.0
  OX XOXO,0.0
  OX XX O,1.0
  OX XXO ,1.0
  OX XXOO,1.0
  OXO   X,1.0
  OXO  X ,1.0
  OXO  XX,-1.0
  OXO OXX,-1.0
  OXO X  ,1.0
  OXO X X,1.0
  OXO XOX,1.0
  OXO XX ,1.0
  OXO XXO,1.0
  OXOO XX,1.0
  OXOOX X,1.0
  OXOOXX ,1.0
  OXOOXXX,1.0
  OXOX   ,-1.0
  OXOX  X,-1.0
  OXOX OX,-1.0
  OXOX X ,-1.0
  OXOX XO,-1.0
  OXOXO X,-1.0
  OXOXOX ,-1.0
  OXOXX  ,-1.0
  OXOXX O,1.0
  OXOXXO ,1.0
  OXOXXOX,-1.0
  OXOXXXO,-1.0
  OXX    ,0.0
  OXX   O,1.0
  OXX  O ,1.0
  OXX  XO,-1.0
  OXX O  ,1.0
  OXX O X,1.0
  OXX OOX,1.0
  OXX OX ,1.0
  OXX OXO,1.0
  OXX X O,-1.0
  OXX XO ,0.0
  OXX XOO,1.0
  OXXO   ,0.0
  OXXO  X,0.0
  OXXO OX,1.0
  OXXO X ,-1.0
  OXXO XO,-1.0
  OXXOO X,1.0
  OXXOOX ,1.0
  OXXOOXX,1.0
  OXXOX  ,-1.0
  OXXOX O,-1.0
  OXXOXO ,1.0
  OXXOXOX,0.0
  OXXX  O,1.0
  OXXX O ,1.0
  OXXXO  ,1.0
  OXXXOOX,1.0
  OXXXOXO,1.0
  OXXXXOO,1.0
  X      ,0.0
  X     O,1.0
  X    O ,1.0
  X    OX,1.0
  X    XO,0.0
  X   O  ,1.0
  X   O X,1.0
  X   OOX,1.0
  X   OX ,0.0
  X   OXO,1.0
  X   X O,1.0
  X   XO ,0.0
  X   XOO,1.0
  X  O   ,1.0
  X  O  X,0.0
  X  O OX,1.0
  X  O X ,0.0
  X  O XO,1.0
  X  OO X,1.0
  X  OOX ,1.0
  X  OOXX,-1.0
  X  OX  ,0.0
  X  OX O,1.0
  X  OXO ,1.0
  X  OXOX,0.0
  X  OXXO,0.0
  X  X  O,-1.0
  X  X O ,0.0
  X  X OO,0.0
  X  XO  ,-1.0
  X  XO O,-1.0
  X  XOO ,1.0
  X  XOOX,1.0
  X  XOXO,-1.0
  X  XXOO,-1.0
  X O    ,0.0
  X O   X,0.0
  X O  OX,1.0
  X O  X ,0.0
  X O  XO,0.0
  X O O X,1.0
  X O OX ,0.0
  X O OXX,0.0
  X O X  ,0.0
  X O X O,1.0
  X O XO ,0.0
  X O XOX,-1.0
  X O XXO,-1.0
  X OO  X,0.0
  X OO X ,0.0
  X OO XX,-1.0
  X OOOXX,0.0
  X OOX  ,0.0
  X OOX X,-1.0
  X OOXOX,-1.0
  X OOXX ,-1.0
  X OOXXO,-1.0
  X OX   ,0.0
  X OX  O,0.0
  X OX O ,1.0
  X OX OX,1.0
  X OX XO,-1.0
  X OXO  ,1.0
  X OXO X,1.0
  X OXOX ,0.0
  X OXOXO,0.0
  X OXX O,-1.0
  X OXXO ,-1.0
  X OXXOO,-1.0
  X X   O,0.0
  X X  O ,1.0
  X X  OO,1.0
  X X O  ,0.0
  X X O O,0.0
  X X OO ,1.0
  X X OOX,1.0
  X X OXO,0.0
  X X XOO,1.0
  X XO   ,1.0
  X XO  O,1.0
  X XO O ,1.0
  X XO OX,1.0
  X XO XO,0.0
  X XOO  ,1.0
  X XOO X,0.0
  X XOOOX,1.0
  X XOOX ,0.0
  X XOOXO,1.0
  X XOX O,1.0
  X XOXO ,1.0
  X XX OO,-1.0
  X XXO O,-1.0
  X XXOO ,-1.0
  X XXOOO,-1.0
  XO     ,1.0
  XO    X,1.0
  XO   OX,1.0
  XO   X ,0.0
  XO   XO,1.0
  XO  O X,1.0
  XO  OX ,1.0
  XO  OXX,-1.0
  XO  X  ,0.0
  XO  X O,1.0
  XO  XO ,1.0
  XO  XOX,0.0
  XO  XXO,-1.0
  XO O  X,1.0
  XO O X ,1.0
  XO O XX,-1.0
  XO OOXX,-1.0
  XO OX  ,1.0
  XO OX X,-1.0
  XO OXOX,0.0
  XO OXX ,-1.0
  XO OXXO,1.0
  XO X   ,0.0
  XO X  O,0.0
  XO X O ,1.0
  XO X OX,1.0
  XO X XO,-1.0
  XO XO  ,1.0
  XO XO X,1.0
  XO XOX ,-1.0
  XO XOXO,0.0
  XO XX O,0.0
  XO XXO ,1.0
  XO XXOO,1.0
  XOO   X,1.0
  XOO  X ,0.0
  XOO  XX,-1.0
  XOO OXX,1.0
  XOO X  ,0.0
  XOO X X,-1.0
  XOO XX ,-1.0
  XOO XXO,-1.0
  XOOO XX,-1.0
  XOOOX X,-1.0
  XOOOXX ,-1.0
  XOOX   ,1.0
  XOOX  X,1.0
  XOOX X ,0.0
  XOOX XO,0.0
  XOOXOX ,1.0
  XOOXOXX,1.0
  XOOXX  ,0.0
  XOOXX O,0.0
  XOOXXO ,1.0
  XOOXXOX,1.0
  XOOXXXO,-1.0
  XOX    ,1.0
  XOX   O,1.0
  XOX  O ,1.0
  XOX  XO,1.0
  XOX O  ,1.0
  XOX O X,-1.0
  XOX OOX,1.0
  XOX OX ,-1.0
  XOX OXO,1.0
  XOX X O,1.0
  XOX XO ,1.0
  XOXO   ,1.0
  XOXO  X,1.0
  XOXO OX,1.0
  XOXO X ,1.0
  XOXO XO,1.0
  XOXOO X,1.0
  XOXOOX ,1.0
  XOXOOXX,-1.0
  XOXOX  ,1.0
  XOXOXOX,1.0
  XOXOXXO,1.0
  XOXX  O,-1.0
  XOXX O ,0.0
  XOXX OO,1.0
  XOXXO  ,-1.0
  XOXXO O,-1.0
  XOXXOO ,1.0
  XOXXOOX,1.0
  XOXXOXO,-1.0
  XOXXXOO,1.0
  XX    O,0.0
  XX   O ,0.0
  XX   OO,0.0
  XX  O  ,0.0
  XX  O O,0.0
  XX  OO ,1.0
  XX  OOX,1.0
  XX  OXO,0.0
  XX  XOO,0.0
  XX O   ,0.0
  XX O  O,1.0
  XX O O ,1.0
  XX O OX,0.0
  XX O XO,1.0
  XX OO  ,0.0
  XX OO X,0.0
  XX OOOX,1.0
  XX OOX ,0.0
  XX OOXO,1.0
  XX OX O,1.0
  XX OXO ,1.0
  XX OXOO,1.0
  XX X OO,-1.0
  XX XO O,-1.0
  XX XOO ,-1.0
  XX XOOO,-1.0
  XXO    ,0.0
  XXO   O,1.0
  XXO  O ,0.0
  XXO  OX,-1.0
  XXO  XO,-1.0
  XXO O  ,0.0
  XXO O X,0.0
  XXO OOX,1.0
  XXO OX ,0.0
  XXO OXO,0.0
  XXO X O,-1.0
  XXO XO ,-1.0
  XXO XOO,1.0
  XXOO   ,1.0
  XXOO  X,0.0
  XXOO OX,0.0
  XXOO X ,0.0
  XXOO XO,1.0
  XXOOO X,0.0
  XXOOOX ,0.0
  XXOOOXX,0.0
  XXOOX  ,0.0
  XXOOX O,1.0
  XXOOXO ,1.0
  XXOOXOX,-1.0
  XXOOXXO,-1.0
  XXOX  O,-1.0
  XXOX O ,-1.0
  XXOX OO,0.0
  XXOXO  ,-1.0
  XXOXO O,-1.0
  XXOXOO ,1.0
  XXOXOOX,1.0
  XXOXOXO,-1.0
  XXOXXOO,-1.0
  XXX  OO,-1.0
  XXX O O,-1.0
  XXX OO ,-1.0
  XXX OOO,-1.0
  XXXO  O,0.0
  XXXO O ,0.0
  XXXO OO,1.0
  XXXOO  ,0.0
  XXXOO O,0.0
  XXXOOO ,0.0
  XXXOOOX,0.0
  XXXOOXO,0.0
  XXXOXOO,1.0
 O      X,1.0
 O     X ,0.0
 O     XX,0.0
 O    OXX,0.0
 O    X  ,1.0
 O    X X,1.0
 O    XOX,1.0
 O    XX ,0.0
 O    XXO,0.0
 O   O XX,1.0
 O   OX X,1.0
 O   OXX ,1.0
 O   OXXX,1.0
 O   X   ,1.0
 O   X  X,0.0
 O   X OX,1.0
 O   X X ,0.0
 O   X XO,0.0
 O   XO X,1.0
 O   XOX ,0.0
 O   XOXX,-1.0
 O   XX  ,0.0
 O   XX O,1.0
 O   XXO ,0.0
 O   XXOX,-1.0
 O   XXXO,-1.0
 O  O  XX,1.0
 O  O X X,1.0
 O  O XX ,1.0
 O  O XXX,1.0
 O  OX  X,1.0
 O  OX X ,1.0
 O  OX XX,1.0
 O  OXOXX,1.0
 O  OXX  ,0.0
 O  OXX X,-1.0
 O  OXXOX,-1.0
 O  OXXX ,0.0
 O  OXXXO,0.0
 O  X    ,1.0
 O  X   X,0.0
 O  X  OX,1.0
 O  X  X ,0.0
 O  X  XO,0.0
 O  X O X,1.0
 O  X OX ,0.0
 O  X OXX,-1.0
 O  X X  ,1.0
 O  X X O,1.0
 O  X XO ,1.0
 O  X XOX,1.0
 O  X XXO,-1.0
 O  XO  X,1.0
 O  XO X ,1.0
 O  XO XX,1.0
 O  XOOXX,1.0
 O  XOX  ,1.0
 O  XOX X,0.0
 O  XOXOX,1.0
 O  XOXX ,0.0
 O  XOXXO,1.0
 O  XX   ,1.0
 O  XX  O,1.0
 O  XX O ,1.0
 O  XX XO,0.0
 O  XXO  ,1.0
 O  XXO X,0.0
 O  XXOX ,0.0
 O  XXOXO,1.0
 O  XXX O,1.0
 O  XXXO ,0.0
 O  XXXOO,1.0
 O O   XX,1.0
 O O  X X,1.0
 O O  XX ,1.0
 O O  XXX,1.0
 O O X  X,1.0
 O O X X ,1.0
 O O X XX,1.0
 O O XOXX,1.0
 O O XX  ,1.0
 O O XX X,0.0
 O O XXOX,1.0
 O O XXX ,0.0
 O O XXXO,0.0
 O OOX XX,1.0
 O OOXX X,1.0
 O OOXXX ,1.0
 O OOXXXX,1.0
 O OX   X,1.0
 O OX  X ,1.0
 O OX  XX,1.0
 O OX OXX,1.0
 O OX X  ,1.0
 O OX X X,1.0
 O OX XOX,1.0
 O OX XX ,0.0
 O OX XXO,1.0
 O OXO XX,1.0
 O OXOX X,1.0
 O OXOXX ,1.0
 O OXX   ,1.0
 O OXX  X,1.0
 O OXX OX,1.0
 O OXX X ,0.0
 O OXX XO,0.0
 O OXXO X,1.0
 O OXXOX ,0.0
 O OXXOXX,-1.0
 O OXXX  ,0.0
 O OXXX O,1.0
 O OXXXO ,0.0
 O OXXXOX,1.0
 O OXXXXO,0.0
 O X     ,1.0
 O X    X,0.0
 O X   OX,0.0
 O X   X ,0.0
 O X   XO,0.0
 O X  O X,1.0
 O X  OX ,0.0
 O X  OXX,-1.0
 O X  X  ,0.0
 O X  X O,1.0
 O X  XO ,1.0
 O X  XOX,-1.0
 O X  XXO,-1.0
 O X O  X,1.0
 O X O X ,1.0
 O X O XX,0.0
 O X OOXX,0.0
 O X OX  ,1.0
 O X OX X,1.0
 O X OXOX,1.0
 O X OXX ,1.0
 O X OXXO,1.0
 O X X   ,-1.0
 O X X  O,1.0
 O X X O ,1.0
 O X X OX,-1.0
 O X X XO,0.0
 O X XO  ,1.0
 O X XO X,0.0
 O X XOOX,1.0
 O X XOX ,0.0
 O X XOXO,1.0
 O X XX O,0.0
 O X XXO ,-1.0
 O X XXOO,0.0
 O XO   X,0.0
 O XO  X ,1.0
 O XO  XX,0.0
 O XO OXX,0.0
 O XO X  ,1.0
 O XO X X,-1.0
 O XO XOX,-1.0
 O XO XX ,1.0
 O XO XXO,1.0
 O XOO XX,1.0
 O XOOX X,1.0
 O XOOXX ,1.0
 O XOOXXX,1.0
 O XOX   ,-1.0
 O XOX  X,-1.0
 O XOX OX,-1.0
 O XOX X ,-1.0
 O XOX XO,0.0
 O XOXO X,1.0
 O XOXOX ,0.0
 O XOXOXX,-1.0
 O XOXX  ,-1.0
 O XOXX O,1.0
 O XOXXO ,-1.0
 O XOXXXO,-1.0
 O XX    ,1.0
 O XX   O,1.0
 O XX  O ,1.0
 O XX  OX,0.0
 O XX  XO,0.0
 O XX O  ,1.0
 O XX O X,1.0
 O XX OOX,1.0
 O XX OX ,0.0
 O XX OXO,1.0
 O XX X O,0.0
 O XX XO ,0.0
 O XXO   ,1.0
 O XXO  X,0.0
 O XXO OX,1.0
 O XXO X ,0.0
 O XXO XO,0.0
 O XXOO X,1.0
 O XXOOX ,0.0
 O XXOOXX,0.0
 O XXOX  ,0.0
 O XXOX O,0.0
 O XXOXO ,1.0
 O XXOXOX,0.0
 O XXOXXO,-1.0
 O XXX  O,1.0
 O XXX O ,1.0
 O XXXO  ,1.0
 O XXXOXO,1.0
 O XXXXOO,1.0
 OO    XX,1.0
 OO   X X,1.0
 OO   XX ,1.0
 OO   XXX,1.0
 OO  X  X,0.0
 OO  X X ,1.0
 OO  X XX,-1.0
 OO  XOXX,-1.0
 OO  XX  ,1.0
 OO  XX X,-1.0
 OO  XXOX,-1.0
 OO  XXX ,-1.0
 OO OX XX,1.0
 OO OXX X,1.0
 OO OXXX ,1.0
 OO OXXXX,1.0
 OO X   X,1.0
 OO X  X ,0.0
 OO X  XX,-1.0
 OO X OXX,1.0
 OO X X  ,1.0
 OO X X X,-1.0
 OO X XOX,1.0
 OO X XX ,-1.0
 OO X XXO,-1.0
 OO XO XX,1.0
 OO XOX X,1.0
 OO XOXX ,0.0
 OO XOXXX,1.0
 OO XX   ,1.0
 OO XX  X,-1.0
 OO XX OX,1.0
 OO XX X ,-1.0
 OO XX XO,1.0
 OO XXO X,1.0
 OO XXOX ,1.0
 OO XXOXX,-1.0
 OO XXX  ,-1.0
 OO XXX O,1.0
 OO XXXO ,1.0
 OO XXXOX,-1.0
 OO XXXXO,-1.0
 OOO X XX,1.0
 OOO XX X,1.0
 OOO XXX ,1.0
 OOO XXXX,1.0
 OOOX  XX,1.0
 OOOX X X,1.0
 OOOX XX ,0.0
 OOOX XXX,1.0
 OOOXX  X,1.0
 OOOXX X ,0.0
 OOOXX XX,-1.0
 OOOXXOXX,1.0
 OOOXXX  ,0.0
 OOOXXX X,-1.0
 OOOXXXOX,1.0
 OOOXXXX ,-1.0
 OOOXXXXO,0.0
 OOX    X,1.0
 OOX   X ,1.0
 OOX   XX,-1.0
 OOX  OXX,-1.0
 OOX  X  ,1.0
 OOX  X X,-1.0
 OOX  XOX,1.0
 OOX  XX ,-1.0
 OOX  XXO,1.0
 OOX O XX,1.0
 OOX OX X,1.0
 OOX OXX ,1.0
 OOX OXXX,1.0
 OOX X   ,1.0
 OOX X  X,-1.0
 OOX X OX,0.0
 OOX X X ,-1.0
 OOX X XO,1.0
 OOX XO X,1.0
 OOX XOX ,1.0
 OOX XOXX,-1.0
 OOX XX  ,-1.0
 OOX XX O,1.0
 OOX XXO ,1.0
 OOX XXOX,-1.0
 OOX XXXO,0.0
 OOXO  XX,1.0
 OOXO X X,1.0
 OOXO XX ,1.0
 OOXO XXX,1.0
 OOXOX X ,0.0
 OOXOX XX,-1.0
 OOXOXOXX,-1.0
 OOXOXX  ,1.0
 OOXOXX X,-1.0
 OOXOXXOX,-1.0
 OOXOXXXO,0.0
 OOXX    ,1.0
 OOXX   X,-1.0
 OOXX  OX,0.0
 OOXX  X ,-1.0
 OOXX  XO,1.0
 OOXX O X,1.0
 OOXX OX ,1.0
 OOXX OXX,-1.0
 OOXX X  ,-1.0
 OOXX X O,1.0
 OOXX XO ,1.0
 OOXX XOX,-1.0
 OOXX XXO,-1.0
 OOXXO  X,1.0
 OOXXO X ,-1.0
 OOXXO XX,-1.0
 OOXXOOXX,1.0
 OOXXOX  ,0.0
 OOXXOX X,-1.0
 OOXXOXOX,1.0
 OOXXOXX ,-1.0
 OOXXOXXO,-1.0
 OOXXX   ,1.0
 OOXXX XO,1.0
 OOXXXO X,1.0
 OOXXXOX ,1.0
 OOXXXX O,1.0
 OOXXXXO ,1.0
 OX      ,1.0
 OX     X,1.0
 OX    OX,1.0
 OX    X ,0.0
 OX    XO,0.0
 OX   O X,1.0
 OX   OX ,0.0
 OX   OXX,0.0
 OX   X  ,0.0
 OX   X O,1.0
 OX   XO ,1.0
 OX   XOX,0.0
 OX   XXO,0.0
 OX  O  X,1.0
 OX  O X ,1.0
 OX  O XX,0.0
 OX  OOXX,0.0
 OX  OX  ,1.0
 OX  OX X,1.0
 OX  OXOX,1.0
 OX  OXX ,1.0
 OX  OXXO,1.0
 OX  X   ,0.0
 OX  X  O,1.0
 OX  X O ,1.0
 OX  X OX,1.0
 OX  X XO,0.0
 OX  XO  ,1.0
 OX  XO X,1.0
 OX  XOX ,0.0
 OX  XOXO,0.0
 OX  XX O,-1.0
 OX  XXO ,-1.0
 OX  XXOO,1.0
 OX O   X,1.0
 OX O  X ,1.0
 OX O  XX,1.0
 OX O OXX,1.0
 OX O X  ,0.0
 OX O X X,-1.0
 OX O XOX,-1.0
 OX O XX ,0.0
 OX O XXO,0.0
 OX OO XX,1.0
 OX OOX X,1.0
 OX OOXX ,1.0
 OX OOXXX,1.0
 OX OX   ,1.0
 OX OX  X,1.0
 OX OX X ,0.0
 OX OX XO,0.0
 OX OXOX ,1.0
 OX OXOXX,1.0
 OX OXX  ,-1.0
 OX OXX O,-1.0
 OX OXXO ,-1.0
 OX OXXXO,-1.0
 OX X    ,1.0
 OX X   O,1.0
 OX X  O ,1.0
 OX X  OX,1.0
 OX X  XO,0.0
 OX X O  ,1.0
 OX X O X,1.0
 OX X OOX,1.0
 OX X OX ,0.0
 OX X OXO,0.0
 OX X X O,1.0
 OX X XO ,1.0
 OX XO   ,1.0
 OX XO  X,0.0
 OX XO OX,1.0
 OX XO X ,0.0
 OX XO XO,1.0
 OX XOO X,1.0
 OX XOOX ,0.0
 OX XOOXX,0.0
 OX XOX  ,1.0
 OX XOXOX,1.0
 OX XOXXO,1.0
 OX XX  O,1.0
 OX XX OO,1.0
 OX XXO  ,0.0
 OX XXO O,1.0
 OX XXOO ,1.0
 OX XXOOX,1.0
 OX XXOXO,0.0
 OX XXXOO,1.0
 OXO    X,1.0
 OXO   X ,1.0
 OXO   XX,1.0
 OXO  OXX,1.0
 OXO  X  ,1.0
 OXO  X X,0.0
 OXO  XX ,0.0
 OXO  XXO,1.0
 OXO O XX,1.0
 OXO OX X,1.0
 OXO OXX ,1.0
 OXO OXXX,1.0
 OXO X   ,1.0
 OXO X  X,1.0
 OXO X X ,0.0
 OXO X XO,0.0
 OXO XOX ,1.0
 OXO XOXX,1.0
 OXO XX  ,1.0
 OXO XX O,1.0
 OXO XXO ,1.0
 OXO XXOX,1.0
 OXO XXXO,0.0
 OXOO  XX,1.0
 OXOO X X,1.0
 OXOO XX ,1.0
 OXOO XXX,1.0
 OXOOX X ,1.0
 OXOOX XX,1.0
 OXOOXX  ,1.0
 OXOOXX X,1.0
 OXOOXXX ,0.0
 OXOOXXXO,0.0
 OXOX    ,1.0
 OXOX   X,1.0
 OXOX  OX,1.0
 OXOX  X ,0.0
 OXOX  XO,1.0
 OXOX O X,1.0
 OXOX OX ,0.0
 OXOX OXX,-1.0
 OXOX X  ,1.0
 OXOX XOX,1.0
 OXOX XXO,1.0
 OXOXO  X,1.0
 OXOXO X ,1.0
 OXOXO XX,0.0
 OXOXOOXX,1.0
 OXOXOX X,1.0
 OXOXOXX ,1.0
 OXOXX   ,0.0
 OXOXX  O,1.0
 OXOXX O ,1.0
 OXOXX OX,1.0
 OXOXX XO,0.0
 OXOXXO X,1.0
 OXOXXOX ,-1.0
 OXOXXOXO,0.0
 OXOXXX O,1.0
 OXX     ,0.0
 OXX    O,1.0
 OXX   O ,0.0
 OXX   OX,-1.0
 OXX   XO,0.0
 OXX  O  ,1.0
 OXX  O X,0.0
 OXX  OOX,1.0
 OXX  OX ,0.0
 OXX  OXO,0.0
 OXX  X O,1.0
 OXX  XO ,-1.0
 OXX  XOO,1.0
 OXX O   ,1.0
 OXX O  X,0.0
 OXX O OX,1.0
 OXX O X ,0.0
 OXX O XO,1.0
 OXX OO X,0.0
 OXX OOX ,0.0
 OXX OOXX,0.0
 OXX OX  ,1.0
 OXX OX O,1.0
 OXX OXO ,1.0
 OXX OXOX,-1.0
 OXX OXXO,1.0
 OXX X  O,-1.0
 OXX X O ,-1.0
 OXX X OO,0.0
 OXX XO  ,1.0
 OXX XO O,1.0
 OXX XOO ,1.0
 OXX XOOX,1.0
 OXX XOXO,0.0
 OXX XXOO,0.0
 OXXO    ,0.0
 OXXO   X,-1.0
 OXXO  OX,-1.0
 OXXO  X ,0.0
 OXXO  XO,0.0
 OXXO O X,1.0
 OXXO OX ,0.0
 OXXO OXX,0.0
 OXXO X  ,-1.0
 OXXO X O,1.0
 OXXO XO ,-1.0
 OXXO XXO,-1.0
 OXXOO  X,0.0
 OXXOO X ,1.0
 OXXOO XX,0.0
 OXXOOOXX,0.0
 OXXOOX  ,1.0
 OXXOOX X,-1.0
 OXXOOXOX,-1.0
 OXXOOXX ,1.0
 OXXOOXXO,1.0
 OXXOX   ,-1.0
 OXXOX  O,-1.0
 OXXOX O ,-1.0
 OXXOX XO,-1.0
 OXXOXO  ,1.0
 OXXOXO X,1.0
 OXXOXOX ,0.0
 OXXOXOXO,0.0
 OXXOXX O,-1.0
 OXXOXXOO,-1.0
 OXXX   O,1.0
 OXXX  O ,1.0
 OXXX  OO,1.0
 OXXX O  ,0.0
 OXXX O O,1.0
 OXXX OO ,1.0
 OXXX OXO,0.0
 OXXX XOO,1.0
 OXXXO   ,0.0
 OXXXO  O,1.0
 OXXXO O ,1.0
 OXXXO OX,1.0
 OXXXO XO,0.0
 OXXXOO  ,0.0
 OXXXOO X,0.0
 OXXXOOOX,1.0
 OXXXOOX ,0.0
 OXXXOOXO,0.0
 OXXXOX O,1.0
 OXXXXO O,1.0
 OXXXXOO ,1.0
 X       ,0.0
 X      O,1.0
 X     O ,0.0
 X     OX,0.0
 X     XO,-1.0
 X    O  ,1.0
 X    O X,0.0
 X    OOX,1.0
 X    OX ,-1.0
 X    OXO,1.0
 X    X O,0.0
 X    XO ,0.0
 X    XOO,1.0
 X   O   ,1.0
 X   O  X,0.0
 X   O OX,1.0
 X   O X ,-1.0
 X   O XO,1.0
 X   OO X,1.0
 X   OOX ,1.0
 X   OOXX,0.0
 X   OX  ,0.0
 X   OX O,1.0
 X   OXO ,1.0
 X   OXOX,0.0
 X   OXXO,-1.0
 X   X  O,-1.0
 X   X O ,0.0
 X   X OO,1.0
 X   XO  ,-1.0
 X   XO O,-1.0
 X   XOO ,1.0
 X   XOOX,1.0
 X   XOXO,-1.0
 X   XXOO,1.0
 X  O    ,0.0
 X  O   X,0.0
 X  O  OX,1.0
 X  O  X ,-1.0
 X  O  XO,-1.0
 X  O O X,1.0
 X  O OX ,-1.0
 X  O OXX,-1.0
 X  O X  ,0.0
 X  O X O,1.0
 X  O XO ,1.0
 X  O XOX,0.0
 X  O XXO,-1.0
 X  OO  X,0.0
 X  OO X ,-1.0
 X  OO XX,-1.0
 X  OOOXX,-1.0
 X  OOX  ,0.0
 X  OOX X,-1.0
 X  OOXOX,0.0
 X  OOXX ,-1.0
 X  OOXXO,-1.0
 X  OX   ,0.0
 X  OX  O,0.0
 X  OX O ,1.0
 X  OX OX,0.0
 X  OX XO,-1.0
 X  OXO  ,1.0
 X  OXO X,-1.0
 X  OXOOX,1.0
 X  OXOX ,-1.0
 X  OXOXO,-1.0
 X  OXX O,-1.0
 X  OXXO ,0.0
 X  OXXOO,1.0
 X  X   O,0.0
 X  X  O ,0.0
 X  X  OO,0.0
 X  X O  ,0.0
 X  X O O,1.0
 X  X OO ,0.0
 X  X OOX,0.0
 X  X OXO,1.0
 X  X XOO,0.0
 X  XO   ,1.0
 X  XO  O,1.0
 X  XO O ,1.0
 X  XO OX,0.0
 X  XO XO,1.0
 X  XOO  ,1.0
 X  XOO X,0.0
 X  XOOOX,1.0
 X  XOOX ,1.0
 X  XOX O,-1.0
 X  XOXOO,1.0
 X  XX OO,-1.0
 X  XXO O,-1.0
 X  XXOO ,-1.0
 X  XXOOO,-1.0
 X O     ,1.0
 X O    X,0.0
 X O   OX,1.0
 X O   X ,-1.0
 X O   XO,1.0
 X O  O X,0.0
 X O  OX ,1.0
 X O  OXX,-1.0
 X O  X  ,0.0
 X O  X O,0.0
 X O  XO ,1.0
 X O  XOX,0.0
 X O  XXO,0.0
 X O O  X,1.0
 X O O X ,1.0
 X O O XX,0.0
 X O OOXX,1.0
 X O OX  ,0.0
 X O OX X,-1.0
 X O OXOX,1.0
 X O OXX ,0.0
 X O OXXO,0.0
 X O X   ,0.0
 X O X  O,0.0
 X O X O ,1.0
 X O X OX,0.0
 X O X XO,0.0
 X O XO  ,1.0
 X O XO X,-1.0
 X O XOOX,1.0
 X O XOX ,-1.0
 X O XOXO,1.0
 X O XX O,0.0
 X O XXO ,0.0
 X O XXOO,1.0
 X OO   X,0.0
 X OO  X ,-1.0
 X OO  XX,-1.0
 X OO OXX,-1.0
 X OO X  ,0.0
 X OO X X,-1.0
 X OO XOX,0.0
 X OO XX ,-1.0
 X OO XXO,-1.0
 X OOO XX,-1.0
 X OOOX X,-1.0
 X OOOXX ,-1.0
 X OOX   ,1.0
 X OOX  X,0.0
 X OOX OX,1.0
 X OOX X ,-1.0
 X OOX XO,0.0
 X OOXO X,1.0
 X OOXOX ,0.0
 X OOXOXX,-1.0
 X OOXX  ,0.0
 X OOXX O,0.0
 X OOXXO ,1.0
 X OOXXOX,0.0
 X OOXXXO,-1.0
 X OX    ,0.0
 X OX   O,1.0
 X OX  O ,1.0
 X OX  OX,0.0
 X OX  XO,1.0
 X OX O  ,1.0
 X OX O X,-1.0
 X OX OOX,1.0
 X OX OX ,1.0
 X OX X O,0.0
 X OX XO ,0.0
 X OX XOO,1.0
 X OXO   ,1.0
 X OXO  X,1.0
 X OXO OX,1.0
 X OXO X ,1.0
 X OXOO X,1.0
 X OXOOXX,1.0
 X OXOX  ,0.0
 X OXOX O,1.0
 X OXOXO ,1.0
 X OXOXOX,1.0
 X OXOXXO,1.0
 X OXX  O,0.0
 X OXX O ,0.0
 X OXX OO,0.0
 X OXXO  ,-1.0
 X OXXO O,1.0
 X OXXOO ,0.0
 X OXXOOX,-1.0
 X OXXOXO,1.0
 X OXXXOO,0.0
 X X    O,-1.0
 X X   O ,0.0
 X X   OO,1.0
 X X  O  ,-1.0
 X X  O O,-1.0
 X X  OO ,1.0
 X X  OOX,1.0
 X X  OXO,-1.0
 X X  XOO,1.0
 X X O   ,0.0
 X X O  O,1.0
 X X O O ,1.0
 X X O OX,0.0
 X X O XO,-1.0
 X X OO  ,0.0
 X X OO X,0.0
 X X OOOX,1.0
 X X OOX ,0.0
 X X OOXO,1.0
 X X OX O,-1.0
 X X OXO ,0.0
 X X OXOO,1.0
 X X X OO,-1.0
 X X XO O,-1.0
 X X XOO ,-1.0
 X X XOOO,-1.0
 X XO    ,0.0
 X XO   O,1.0
 X XO  O ,1.0
 X XO  OX,0.0
 X XO  XO,-1.0
 X XO O  ,0.0
 X XO O X,-1.0
 X XO OOX,1.0
 X XO OX ,-1.0
 X XO OXO,-1.0
 X XO X O,-1.0
 X XO XO ,0.0
 X XO XOO,1.0
 X XOO   ,1.0
 X XOO  X,0.0
 X XOO OX,1.0
 X XOO X ,-1.0
 X XOO XO,0.0
 X XOOO X,0.0
 X XOOOX ,0.0
 X XOOOXX,-1.0
 X XOOX  ,0.0
 X XOOX O,1.0
 X XOOXO ,1.0
 X XOOXOX,0.0
 X XOOXXO,-1.0
 X XOX  O,-1.0
 X XOX O ,-1.0
 X XOX OO,0.0
 X XOXO  ,-1.0
 X XOXO O,0.0
 X XOXOO ,-1.0
 X XOXOOX,-1.0
 X XOXOXO,-1.0
 X XOXXOO,-1.0
 X XX  OO,-1.0
 X XX O O,-1.0
 X XX OO ,-1.0
 X XX OOO,-1.0
 X XXO  O,-1.0
 X XXO O ,-1.0
 X XXO OO,-1.0
 X XXOO  ,0.0
 X XXOO O,1.0
 X XXOOO ,0.0
 X XXOOOX,0.0
 X XXOOXO,1.0
 X XXOXOO,-1.0
 XO      ,0.0
 XO     X,0.0
 XO    OX,0.0
 XO    X ,-1.0
 XO    XO,1.0
 XO   O X,1.0
 XO   OX ,1.0
 XO   OXX,-1.0
 XO   X  ,0.0
 XO   X O,0.0
 XO   XO ,0.0
 XO   XOX,0.0
 XO   XXO,-1.0
 XO  O  X,1.0
 XO  O X ,1.0
 XO  O XX,0.0
 XO  OOXX,1.0
 XO  OX  ,1.0
 XO  OX X,1.0
 XO  OXOX,1.0
 XO  OXX ,-1.0
 XO  OXXO,-1.0
 XO  X   ,0.0
 XO  X  O,1.0
 XO  X O ,0.0
 XO  X OX,0.0
 XO  X XO,-1.0
 XO  XO  ,1.0
 XO  XO X,-1.0
 XO  XOOX,1.0
 XO  XOX ,-1.0
 XO  XOXO,1.0
 XO  XX O,0.0
 XO  XXO ,0.0
 XO  XXOO,1.0
 XO O   X,0.0
 XO O  X ,-1.0
 XO O  XX,-1.0
 XO O OXX,-1.0
 XO O X  ,0.0
 XO O X X,0.0
 XO O XOX,0.0
 XO O XX ,-1.0
 XO O XXO,-1.0
 XO OO XX,1.0
 XO OOX X,1.0
 XO OOXX ,1.0
 XO OOXXX,1.0
 XO OX   ,0.0
 XO OX  X,-1.0
 XO OX OX,0.0
 XO OX X ,-1.0
 XO OX XO,-1.0
 XO OXO X,-1.0
 XO OXOX ,-1.0
 XO OXX  ,0.0
 XO OXX O,0.0
 XO OXXO ,0.0
 XO OXXOX,0.0
 XO OXXXO,-1.0
 XO X    ,0.0
 XO X   O,1.0
 XO X  O ,0.0
 XO X  OX,0.0
 XO X  XO,1.0
 XO X O  ,1.0
 XO X O X,1.0
 XO X OOX,1.0
 XO X OX ,1.0
 XO X X O,-1.0
 XO X XO ,0.0
 XO X XOO,0.0
 XO XO   ,1.0
 XO XO  X,1.0
 XO XO OX,1.0
 XO XO X ,1.0
 XO XOO X,1.0
 XO XOOXX,1.0
 XO XOX  ,-1.0
 XO XOX O,-1.0
 XO XOXO ,0.0
 XO XOXOX,0.0
 XO XX  O,1.0
 XO XX O ,0.0
 XO XX OO,1.0
 XO XXO  ,1.0
 XO XXO O,1.0
 XO XXOO ,1.0
 XO XXOOX,1.0
 XO XXOXO,1.0
 XO XXXOO,0.0
 XOO    X,1.0
 XOO   X ,1.0
 XOO   XX,0.0
 XOO  OXX,1.0
 XOO  X  ,1.0
 XOO  X X,0.0
 XOO  XOX,0.0
 XOO  XX ,1.0
 XOO  XXO,1.0
 XOO O XX,0.0
 XOO OX X,1.0
 XOO OXX ,1.0
 XOO OXXX,1.0
 XOO X   ,0.0
 XOO X  X,-1.0
 XOO X OX,0.0
 XOO X X ,0.0
 XOO X XO,1.0
 XOO XO X,-1.0
 XOO XOX ,1.0
 XOO XOXX,-1.0
 XOO XX  ,0.0
 XOO XX O,0.0
 XOO XXO ,0.0
 XOO XXOX,0.0
 XOO XXXO,0.0
 XOOO X X,1.0
 XOOO XX ,1.0
 XOOO XXX,1.0
 XOOOX  X,0.0
 XOOOX X ,0.0
 XOOOX XX,-1.0
 XOOOXOXX,-1.0
 XOOOXX  ,0.0
 XOOOXX X,0.0
 XOOOXXOX,0.0
 XOOOXXX ,0.0
 XOOOXXXO,0.0
 XOOX    ,1.0
 XOOX   X,1.0
 XOOX  OX,1.0
 XOOX  X ,1.0
 XOOX O X,1.0
 XOOX OXX,1.0
 XOOX X  ,0.0
 XOOX X O,1.0
 XOOX XO ,0.0
 XOOX XOX,0.0
 XOOX XXO,1.0
 XOOXO  X,1.0
 XOOXOX  ,1.0
 XOOXOX X,1.0
 XOOXOXOX,1.0
 XOOXOXX ,1.0
 XOOXX   ,0.0
 XOOXX  O,1.0
 XOOXX O ,0.0
 XOOXX OX,0.0
 XOOXX XO,1.0
 XOOXXO  ,1.0
 XOOXXO X,-1.0
 XOOXXOOX,1.0
 XOOXXOX ,1.0
 XOOXXX O,0.0
 XOOXXXO ,0.0
 XOOXXXOO,0.0
 XOX     ,-1.0
 XOX    O,-1.0
 XOX   O ,0.0
 XOX   OX,0.0
 XOX   XO,-1.0
 XOX  O  ,1.0
 XOX  O X,-1.0
 XOX  OOX,1.0
 XOX  OX ,-1.0
 XOX  OXO,1.0
 XOX  X O,-1.0
 XOX  XO ,0.0
 XOX  XOO,1.0
 XOX O   ,1.0
 XOX O  X,1.0
 XOX O OX,1.0
 XOX O X ,-1.0
 XOX O XO,-1.0
 XOX OO X,1.0
 XOX OOX ,1.0
 XOX OOXX,-1.0
 XOX OX  ,-1.0
 XOX OX O,-1.0
 XOX OXO ,1.0
 XOX OXOX,0.0
 XOX X  O,-1.0
 XOX X O ,0.0
 XOX X OO,1.0
 XOX XO  ,-1.0
 XOX XO O,1.0
 XOX XOO ,1.0
 XOX XOXO,-1.0
 XOX XXOO,1.0
 XOXO    ,0.0
 XOXO   X,-1.0
 XOXO  OX,0.0
 XOXO  X ,-1.0
 XOXO  XO,-1.0
 XOXO O X,-1.0
 XOXO OX ,-1.0
 XOXO X  ,0.0
 XOXO X O,1.0
 XOXO XO ,1.0
 XOXO XOX,0.0
 XOXO XXO,-1.0
 XOXOO  X,1.0
 XOXOO X ,-1.0
 XOXOO XX,-1.0
 XOXOOOXX,-1.0
 XOXOOX  ,1.0
 XOXOOX X,1.0
 XOXOOXOX,1.0
 XOXOOXX ,-1.0
 XOXOOXXO,-1.0
 XOXOX   ,-1.0
 XOXOX  O,-1.0
 XOXOX O ,0.0
 XOXOX OX,-1.0
 XOXOX XO,-1.0
 XOXOXO  ,-1.0
 XOXOXOOX,-1.0
 XOXOXOXO,-1.0
 XOXOXX O,-1.0
 XOXOXXO ,0.0
 XOXOXXOO,1.0
 XOXX   O,-1.0
 XOXX  O ,0.0
 XOXX  OO,1.0
 XOXX O  ,1.0
 XOXX O O,1.0
 XOXX OO ,1.0
 XOXX OOX,1.0
 XOXX OXO,1.0
 XOXX XOO,-1.0
 XOXXO   ,-1.0
 XOXXO  O,-1.0
 XOXXO O ,0.0
 XOXXO OX,0.0
 XOXXOO  ,1.0
 XOXXOO X,1.0
 XOXXOOOX,1.0
 XOXXOOX ,1.0
 XOXXOXO ,-1.0
 XOXXOXOO,-1.0
 XOXXX OO,1.0
 XOXXXO O,1.0
 XOXXXOO ,1.0
 XX     O,1.0
 XX    O ,0.0
 XX    OO,1.0
 XX   O  ,0.0
 XX   O O,1.0
 XX   OO ,1.0
 XX   OOX,0.0
 XX   OXO,1.0
 XX   XOO,1.0
 XX  O   ,0.0
 XX  O  O,1.0
 XX  O O ,1.0
 XX  O OX,0.0
 XX  O XO,0.0
 XX  OO  ,1.0
 XX  OO X,0.0
 XX  OOOX,1.0
 XX  OOX ,1.0
 XX  OOXO,1.0
 XX  OX O,1.0
 XX  OXO ,1.0
 XX  OXOO,1.0
 XX  X OO,-1.0
 XX  XO O,-1.0
 XX  XOO ,0.0
 XX  XOOO,-1.0
 XX O    ,0.0
 XX O   O,1.0
 XX O  O ,1.0
 XX O  OX,1.0
 XX O  XO,-1.0
 XX O O  ,1.0
 XX O O X,1.0
 XX O OOX,1.0
 XX O OX ,-1.0
 XX O OXO,1.0
 XX O X O,-1.0
 XX O XO ,0.0
 XX O XOO,1.0
 XX OO   ,1.0
 XX OO  X,-1.0
 XX OO OX,1.0
 XX OO X ,-1.0
 XX OO XO,1.0
 XX OOO X,1.0
 XX OOOX ,1.0
 XX OOOXX,-1.0
 XX OOX  ,-1.0
 XX OOX O,1.0
 XX OOXO ,1.0
 XX OOXOX,-1.0
 XX OOXXO,-1.0
 XX OX  O,-1.0
 XX OX O ,1.0
 XX OX OO,1.0
 XX OXO  ,1.0
 XX OXO O,1.0
 XX OXOO ,1.0
 XX OXOOX,1.0
 XX OXOXO,-1.0
 XX OXXOO,-1.0
 XX X  OO,-1.0
 XX X O O,-1.0
 XX X OO ,-1.0
 XX X OOO,-1.0
 XX XO  O,0.0
 XX XO O ,0.0
 XX XO OO,1.0
 XX XOO  ,1.0
 XX XOO O,1.0
 XX XOOO ,1.0
 XX XOOOX,0.0
 XX XOOXO,1.0
 XX XOXOO,1.0
 XXO     ,-1.0
 XXO    O,1.0
 XXO   O ,1.0
 XXO   OX,1.0
 XXO   XO,0.0
 XXO  O  ,1.0
 XXO  O X,-1.0
 XXO  OOX,1.0
 XXO  OX ,-1.0
 XXO  OXO,1.0
 XXO  X O,0.0
 XXO  XO ,1.0
 XXO  XOO,1.0
 XXO O   ,1.0
 XXO O  X,-1.0
 XXO O OX,1.0
 XXO O X ,-1.0
 XXO O XO,1.0
 XXO OO X,1.0
 XXO OOX ,1.0
 XXO OOXX,-1.0
 XXO OX  ,0.0
 XXO OX O,1.0
 XXO OXO ,1.0
 XXO OXOX,-1.0
 XXO OXXO,0.0
 XXO X  O,-1.0
 XXO X O ,1.0
 XXO X OO,1.0
 XXO XO  ,-1.0
 XXO XO O,1.0
 XXO XOO ,1.0
 XXO XOOX,1.0
 XXO XOXO,-1.0
 XXO XXOO,1.0
 XXOO    ,1.0
 XXOO   X,-1.0
 XXOO  OX,1.0
 XXOO  X ,-1.0
 XXOO  XO,1.0
 XXOO O X,1.0
 XXOO OX ,1.0
 XXOO OXX,-1.0
 XXOO X  ,-1.0
 XXOO X O,0.0
 XXOO XO ,1.0
 XXOO XOX,-1.0
 XXOO XXO,-1.0
 XXOOO  X,-1.0
 XXOOO X ,-1.0
 XXOOOOXX,-1.0
 XXOOOX  ,-1.0
 XXOOOXOX,-1.0
 XXOOX   ,1.0
 XXOOX  O,1.0
 XXOOX O ,1.0
 XXOOX OX,1.0
 XXOOX XO,-1.0
 XXOOXO  ,1.0
 XXOOXO X,1.0
 XXOOXOXO,1.0
 XXOOXX O,-1.0
 XXOOXXO ,1.0
 XXOOXXOO,1.0
 XXOX   O,0.0
 XXOX  O ,1.0
 XXOX  OO,1.0
 XXOX O  ,-1.0
 XXOX O O,1.0
 XXOX OO ,1.0
 XXOX OXO,1.0
 XXOX XOO,1.0
 XXOXO   ,1.0
 XXOXO  O,1.0
 XXOXO O ,1.0
 XXOXO OX,1.0
 XXOXOO  ,1.0
 XXOXOO X,-1.0
 XXOXOOOX,1.0
 XXOXOOX ,1.0
 XXOXOX O,1.0
 XXOXX OO,-1.0
 XXOXXO O,-1.0
 XXOXXOO ,-1.0
 XXOXXOOO,-1.0
 XXX   OO,-1.0
 XXX  O O,-1.0
 XXX  OO ,-1.0
 XXX  OOO,-1.0
 XXX O  O,1.0
 XXX O O ,0.0
 XXX O OO,1.0
 XXX OO  ,0.0
 XXX OO O,1.0
 XXX OOO ,1.0
 XXX OOOX,0.0
 XXX OOXO,1.0
 XXX OXOO,1.0
 XXXO   O,-1.0
 XXXO  O ,0.0
 XXXO  OO,1.0
 XXXO O  ,0.0
 XXXO O O,1.0
 XXXO OO ,1.0
 XXXO OOX,1.0
 XXXO OXO,-1.0
 XXXO XOO,-1.0
 XXXOO   ,0.0
 XXXOO  O,1.0
 XXXOO O ,1.0
 XXXOO OX,0.0
 XXXOO XO,-1.0
 XXXOOO  ,1.0
 XXXOOO X,0.0
 XXXOOOOX,1.0
 XXXOOOX ,0.0
 XXXOOOXO,1.0
 XXXOOX O,-1.0
 XXXOOXO ,0.0
 XXXOOXOO,1.0
 XXXOX OO,-1.0
 XXXOXO O,-1.0
 XXXOXOO ,-1.0
 XXXOXOOO,-1.0
 XXXXO OO,-1.0
 XXXXOO O,-1.0
 XXXXOOO ,-1.0
 XXXXOOOO,-1.0
O       X,1.0
O      X ,1.0
O      XX,0.0
O     OXX,0.0
O     X  ,1.0
O     X X,1.0
O     XOX,1.0
O     XX ,1.0
O     XXO,1.0
O    O XX,1.0
O    OX X,1.0
O    OXX ,1.0
O    OXXX,1.0
O    X   ,1.0
O    X  X,-1.0
O    X OX,1.0
O    X X ,-1.0
O    X XO,1.0
O    XO X,1.0
O    XOX ,-1.0
O    XOXX,-1.0
O    XX  ,0.0
O    XX O,1.0
O    XXO ,0.0
O    XXOX,0.0
O    XXXO,-1.0
O   O  XX,1.0
O   O X X,1.0
O   O XX ,1.0
O   O XXX,1.0
O   OX  X,1.0
O   OX X ,1.0
O   OX XX,1.0
O   OXOXX,1.0
O   OXX  ,1.0
O   OXX X,1.0
O   OXXOX,1.0
O   OXXX ,-1.0
O   OXXXO,-1.0
O   X    ,0.0
O   X   X,0.0
O   X  OX,1.0
O   X  X ,0.0
O   X  XO,1.0
O   X O X,0.0
O   X OX ,1.0
O   X OXX,-1.0
O   X X  ,0.0
O   X X O,1.0
O   X XO ,1.0
O   X XOX,0.0
O   X XXO,1.0
O   XO  X,1.0
O   XO X ,1.0
O   XO XX,0.0
O   XOOXX,1.0
O   XOX  ,1.0
O   XOX X,1.0
O   XOXOX,1.0
O   XOXX ,0.0
O   XOXXO,1.0
O   XX   ,0.0
O   XX  O,1.0
O   XX O ,1.0
O   XX OX,0.0
O   XX XO,1.0
O   XXO  ,1.0
O   XXO X,-1.0
O   XXOOX,0.0
O   XXOX ,-1.0
O   XXOXO,1.0
O   XXX O,1.0
O   XXXO ,1.0
O   XXXOO,1.0
O  O   XX,1.0
O  O  X X,1.0
O  O  XX ,1.0
O  O  XXX,1.0
O  O X  X,1.0
O  O X X ,1.0
O  O X XX,-1.0
O  O XOXX,-1.0
O  O XX  ,1.0
O  O XX X,1.0
O  O XXOX,1.0
O  O XXX ,1.0
O  O XXXO,1.0
O  OOX XX,1.0
O  OOXX X,1.0
O  OOXXX ,1.0
O  OOXXXX,1.0
O  OX   X,1.0
O  OX  X ,1.0
O  OX  XX,-1.0
O  OX OXX,-1.0
O  OX X  ,1.0
O  OX X X,1.0
O  OX XOX,1.0
O  OX XX ,0.0
O  OX XXO,1.0
O  OXO XX,1.0
O  OXOX X,1.0
O  OXOXX ,1.0
O  OXOXXX,1.0
O  OXX   ,0.0
O  OXX  X,-1.0
O  OXX OX,1.0
O  OXX X ,-1.0
O  OXX XO,1.0
O  OXXO X,-1.0
O  OXXOX ,-1.0
O  OXXX  ,0.0
O  OXXX O,1.0
O  OXXXO ,1.0
O  OXXXXO,1.0
O  X     ,0.0
O  X    X,0.0
O  X   OX,1.0
O  X   X ,-1.0
O  X   XO,1.0
O  X  O X,1.0
O  X  OX ,1.0
O  X  OXX,0.0
O  X  X  ,-1.0
O  X  X O,1.0
O  X  XO ,0.0
O  X  XOX,-1.0
O  X  XXO,-1.0
O  X O  X,0.0
O  X O X ,0.0
O  X O XX,0.0
O  X OOXX,0.0
O  X OX  ,0.0
O  X OX X,0.0
O  X OXOX,0.0
O  X OXX ,-1.0
O  X OXXO,-1.0
O  X X   ,-1.0
O  X X  O,1.0
O  X X O ,1.0
O  X X OX,1.0
O  X X XO,-1.0
O  X XO  ,1.0
O  X XO X,1.0
O  X XOOX,1.0
O  X XOX ,-1.0
O  X XOXO,0.0
O  X XX O,-1.0
O  X XXO ,-1.0
O  X XXOO,1.0
O  XO   X,0.0
O  XO  X ,0.0
O  XO  XX,0.0
O  XO OXX,0.0
O  XO X  ,0.0
O  XO X X,0.0
O  XO XOX,0.0
O  XO XX ,-1.0
O  XO XXO,-1.0
O  XOO XX,1.0
O  XOOX X,1.0
O  XOOXX ,1.0
O  XOOXXX,1.0
O  XOX   ,-1.0
O  XOX  X,-1.0
O  XOX OX,1.0
O  XOX X ,-1.0
O  XOX XO,-1.0
O  XOXO X,1.0
O  XOXOX ,-1.0
O  XOXOXX,-1.0
O  XOXX  ,-1.0
O  XOXX O,-1.0
O  XOXXO ,-1.0
O  XOXXOX,-1.0
O  XX    ,0.0
O  XX   O,1.0
O  XX  O ,1.0
O  XX  OX,0.0
O  XX  XO,1.0
O  XX O  ,1.0
O  XX O X,0.0
O  XX OOX,1.0
O  XX OX ,1.0
O  XX OXO,1.0
O  XX X O,1.0
O  XX XO ,0.0
O  XX XOO,1.0
O  XXO   ,0.0
O  XXO  X,0.0
O  XXO OX,0.0
O  XXO X ,0.0
O  XXO XO,1.0
O  XXOO X,0.0
O  XXOOX ,1.0
O  XXOOXX,0.0
O  XXOX  ,-1.0
O  XXOX O,1.0
O  XXOXO ,1.0
O  XXOXOX,0.0
O  XXOXXO,-1.0
O  XXX  O,1.0
O  XXX O ,1.0
O  XXXO  ,1.0
O  XXXOOX,1.0
O  XXXXOO,1.0
O O    XX,1.0
O O   X X,1.0
O O   XX ,1.0
O O   XXX,1.0
O O  X  X,-1.0
O O  X X ,-1.0
O O  X XX,-1.0
O O  XX  ,0.0
O O  XX X,-1.0
O O  XXOX,0.0
O O  XXX ,-1.0
O O  XXXO,-1.0
O O OX XX,1.0
O O OXX X,1.0
O O OXXX ,1.0
O O OXXXX,1.0
O O X   X,0.0
O O X  X ,1.0
O O X  XX,-1.0
O O X OXX,1.0
O O X X  ,0.0
O O X X X,-1.0
O O X XOX,0.0
O O X XX ,-1.0
O O X XXO,1.0
O O XO XX,1.0
O O XOX X,1.0
O O XOXXX,1.0
O O XX   ,1.0
O O XX  X,-1.0
O O XX OX,1.0
O O XX X ,-1.0
O O XX XO,1.0
O O XXO X,1.0
O O XXOX ,1.0
O O XXOXX,-1.0
O O XXX  ,-1.0
O O XXX O,1.0
O O XXXO ,1.0
O O XXXOX,-1.0
O O XXXXO,-1.0
O OO X XX,1.0
O OO XX X,1.0
O OO XXX ,1.0
O OO XXXX,1.0
O OOX  XX,1.0
O OOX X X,1.0
O OOX XX ,1.0
O OOX XXX,1.0
O OOXX  X,-1.0
O OOXX X ,1.0
O OOXX XX,-1.0
O OOXXOXX,-1.0
O OOXXX  ,0.0
O OOXXX X,-1.0
O OOXXXOX,0.0
O OOXXXX ,-1.0
O OOXXXXO,1.0
O OX    X,0.0
O OX   X ,-1.0
O OX   XX,-1.0
O OX  OXX,0.0
O OX  X  ,-1.0
O OX  X X,-1.0
O OX  XOX,0.0
O OX  XX ,-1.0
O OX  XXO,0.0
O OX O XX,1.0
O OX OX X,1.0
O OX OXX ,1.0
O OX OXXX,1.0
O OX X   ,1.0
O OX X  X,-1.0
O OX X OX,1.0
O OX X X ,-1.0
O OX XO X,1.0
O OX XOX ,1.0
O OX XOXX,-1.0
O OX XX  ,-1.0
O OX XX O,1.0
O OX XXO ,1.0
O OX XXOX,-1.0
O OX XXXO,-1.0
O OXO  XX,1.0
O OXO X X,1.0
O OXO XX ,1.0
O OXO XXX,1.0
O OXOX  X,-1.0
O OXOX XX,-1.0
O OXOXOXX,-1.0
O OXOXX  ,-1.0
O OXOXX X,-1.0
O OXOXXOX,0.0
O OXOXXX ,-1.0
O OXOXXXO,-1.0
O OXX    ,1.0
O OXX   X,-1.0
O OXX  OX,1.0
O OXX  X ,-1.0
O OXX  XO,1.0
O OXX O X,1.0
O OXX OX ,1.0
O OXX X  ,-1.0
O OXX X O,1.0
O OXX XO ,1.0
O OXX XOX,-1.0
O OXX XXO,-1.0
O OXXO  X,0.0
O OXXO X ,1.0
O OXXO XX,-1.0
O OXXOOXX,1.0
O OXXOX  ,-1.0
O OXXOX X,-1.0
O OXXOXOX,0.0
O OXXOXX ,-1.0
O OXXOXXO,-1.0
O OXXX   ,1.0
O OXXX OX,1.0
O OXXX XO,1.0
O OXXXO X,1.0
O OXXXOX ,1.0
O OXXXX O,1.0
O OXXXXO ,1.0
O X      ,1.0
O X     X,0.0
O X    OX,1.0
O X    X ,0.0
O X    XO,1.0
O X   O X,1.0
O X   OX ,0.0
O X   OXX,-1.0
O X   X  ,0.0
O X   X O,1.0
O X   XO ,1.0
O X   XOX,1.0
O X   XXO,-1.0
O X  O  X,0.0
O X  O X ,0.0
O X  O XX,0.0
O X  OOXX,0.0
O X  OX  ,1.0
O X  OX X,0.0
O X  OXOX,1.0
O X  OXX ,0.0
O X  OXXO,1.0
O X  X   ,1.0
O X  X  O,1.0
O X  X O ,1.0
O X  X OX,1.0
O X  X XO,-1.0
O X  XO  ,1.0
O X  XO X,1.0
O X  XOX ,-1.0
O X  XOXO,-1.0
O X  XX O,-1.0
O X  XXO ,0.0
O X  XXOO,1.0
O X O   X,1.0
O X O  X ,1.0
O X O  XX,1.0
O X O OXX,1.0
O X O X  ,1.0
O X O X X,1.0
O X O XOX,1.0
O X O XX ,-1.0
O X O XXO,-1.0
O X OO XX,1.0
O X OOX X,1.0
O X OOXX ,1.0
O X OOXXX,1.0
O X OX   ,1.0
O X OX  X,1.0
O X OX X ,-1.0
O X OX XO,-1.0
O X OXOX ,1.0
O X OXOXX,1.0
O X OXX  ,-1.0
O X OXX O,-1.0
O X OXXOX,1.0
O X X    ,0.0
O X X   O,1.0
O X X  O ,1.0
O X X  OX,1.0
O X X  XO,1.0
O X X O  ,0.0
O X X O X,-1.0
O X X OOX,1.0
O X X OX ,-1.0
O X X OXO,1.0
O X X X O,1.0
O X X XO ,1.0
O X XO   ,1.0
O X XO  X,0.0
O X XO OX,1.0
O X XO X ,1.0
O X XO XO,1.0
O X XOO X,0.0
O X XOOX ,1.0
O X XOOXX,-1.0
O X XOX  ,1.0
O X XOXOX,1.0
O X XOXXO,1.0
O X XX  O,1.0
O X XX OO,1.0
O X XXO  ,-1.0
O X XXO O,1.0
O X XXOOX,1.0
O X XXOXO,-1.0
O X XXXOO,1.0
O XO    X,1.0
O XO   X ,1.0
O XO   XX,-1.0
O XO  OXX,-1.0
O XO  X  ,1.0
O XO  X X,1.0
O XO  XOX,1.0
O XO  XX ,1.0
O XO  XXO,1.0
O XO O XX,1.0
O XO OX X,1.0
O XO OXX ,1.0
O XO OXXX,1.0
O XO X   ,1.0
O XO X  X,1.0
O XO X X ,-1.0
O XO X XO,-1.0
O XO XOX ,-1.0
O XO XX  ,1.0
O XO XX O,1.0
O XO XXO ,1.0
O XO XXOX,1.0
O XO XXXO,-1.0
O XOO  XX,1.0
O XOO X X,1.0
O XOO XX ,1.0
O XOO XXX,1.0
O XOOX X ,1.0
O XOOX XX,1.0
O XOOXX  ,1.0
O XOOXX X,1.0
O XOOXXX ,-1.0
O XOOXXXO,-1.0
O XOX    ,1.0
O XOX  OX,1.0
O XOX  X ,-1.0
O XOX  XO,1.0
O XOX O X,-1.0
O XOX OX ,-1.0
O XOX X  ,1.0
O XOX XOX,1.0
O XOX XXO,1.0
O XOXO  X,1.0
O XOXO X ,1.0
O XOXO XX,-1.0
O XOXOOXX,-1.0
O XOXOX X,1.0
O XOXOXX ,1.0
O XOXX   ,-1.0
O XOXX  O,1.0
O XOXX O ,0.0
O XOXX OX,1.0
O XOXX XO,-1.0
O XOXXO  ,-1.0
O XOXXOXO,-1.0
O XOXXX O,1.0
O XOXXXO ,1.0
O XX     ,0.0
O XX    O,1.0
O XX   O ,1.0
O XX   OX,0.0
O XX   XO,-1.0
O XX  O  ,1.0
O XX  O X,0.0
O XX  OOX,1.0
O XX  OX ,0.0
O XX  OXO,1.0
O XX  X O,-1.0
O XX  XO ,-1.0
O XX  XOO,1.0
O XX O   ,0.0
O XX O  X,0.0
O XX O OX,0.0
O XX O X ,0.0
O XX O XO,1.0
O XX OO X,0.0
O XX OOX ,0.0
O XX OOXX,0.0
O XX OX  ,0.0
O XX OX O,1.0
O XX OXO ,1.0
O XX OXOX,0.0
O XX OXXO,-1.0
O XX X  O,-1.0
O XX X O ,1.0
O XX X OO,1.0
O XX XO  ,1.0
O XX XO O,1.0
O XX XOO ,1.0
O XX XOOX,1.0
O XX XOXO,-1.0
O XX XXOO,0.0
O XXO    ,0.0
O XXO   X,0.0
O XXO  OX,1.0
O XXO  X ,-1.0
O XXO  XO,-1.0
O XXO O X,1.0
O XXO OX ,0.0
O XXO OXX,0.0
O XXO X  ,-1.0
O XXO X O,-1.0
O XXO XO ,-1.0
O XXO XOX,-1.0
O XXOO  X,0.0
O XXOO X ,0.0
O XXOO XX,0.0
O XXOOOXX,0.0
O XXOOX  ,0.0
O XXOOX X,0.0
O XXOOXOX,0.0
O XXOOXX ,-1.0
O XXOOXXO,-1.0
O XXOX   ,-1.0
O XXOX  O,-1.0
O XXOX O ,1.0
O XXOX OX,1.0
O XXOXO  ,1.0
O XXOXO X,1.0
O XXOXOX ,-1.0
O XXOXOXO,-1.0
O XXOXXO ,-1.0
O XXX   O,1.0
O XXX  O ,1.0
O XXX  OO,1.0
O XXX O  ,0.0
O XXX O O,1.0
O XXX OO ,1.0
O XXX OOX,0.0
O XXX OXO,1.0
O XXX XOO,1.0
O XXXO   ,0.0
O XXXO  O,1.0
O XXXO O ,1.0
O XXXO OX,0.0
O XXXO XO,1.0
O XXXOO  ,0.0
O XXXOO X,0.0
O XXXOOOX,0.0
O XXXOOX ,0.0
O XXXOOXO,1.0
O XXXOX O,1.0
O XXXOXO ,1.0
O XXXX OO,1.0
O XXXXO O,1.0
O XXXXOO ,1.0
OO     XX,1.0
OO    X X,1.0
OO    XX ,1.0
OO    XXX,1.0
OO   X  X,1.0
OO   X X ,1.0
OO   X XX,-1.0
OO   XOXX,1.0
OO   XX  ,1.0
OO   XX X,-1.0
OO   XXOX,1.0
OO   XXX ,-1.0
OO   XXXO,-1.0
OO  OX XX,1.0
OO  OXX X,1.0
OO  OXXX ,1.0
OO  OXXXX,1.0
OO  X   X,1.0
OO  X  X ,0.0
OO  X  XX,-1.0
OO  X OXX,-1.0
OO  X X  ,1.0
OO  X X X,-1.0
OO  X XOX,1.0
OO  X XX ,-1.0
OO  X XXO,1.0
OO  XO XX,1.0
OO  XOX X,1.0
OO  XOXX ,1.0
OO  XOXXX,1.0
OO  XX   ,1.0
OO  XX  X,-1.0
OO  XX OX,1.0
OO  XX X ,-1.0
OO  XX XO,1.0
OO  XXO X,1.0
OO  XXOX ,1.0
OO  XXOXX,-1.0
OO  XXX  ,-1.0
OO  XXX O,1.0
OO  XXXO ,1.0
OO  XXXOX,-1.0
OO  XXXXO,-1.0
OO O X XX,1.0
OO O XX X,1.0
OO O XXX ,1.0
OO O XXXX,1.0
OO OX  XX,1.0
OO OX X X,1.0
OO OX XX ,1.0
OO OX XXX,1.0
OO OXX  X,1.0
OO OXX X ,-1.0
OO OXX XX,-1.0
OO OXXOXX,-1.0
OO OXXX  ,1.0
OO OXXX X,-1.0
OO OXXXOX,1.0
OO OXXXX ,-1.0
OO OXXXXO,1.0
OO X    X,1.0
OO X   X ,1.0
OO X   XX,-1.0
OO X  OXX,0.0
OO X  X  ,-1.0
OO X  X X,-1.0
OO X  XOX,-1.0
OO X  XX ,-1.0
OO X  XXO,-1.0
OO X O XX,1.0
OO X OX X,1.0
OO X OXX ,1.0
OO X OXXX,1.0
OO X X   ,1.0
OO X X  X,-1.0
OO X X OX,1.0
OO X X X ,-1.0
OO X X XO,1.0
OO X XO X,1.0
OO X XOX ,1.0
OO X XOXX,-1.0
OO X XX  ,-1.0
OO X XX O,1.0
OO X XXO ,1.0
OO X XXOX,-1.0
OO X XXXO,-1.0
OO XO  XX,1.0
OO XO X X,1.0
OO XO XX ,1.0
OO XO XXX,1.0
OO XOX  X,1.0
OO XOX X ,-1.0
OO XOX XX,-1.0
OO XOXOXX,1.0
OO XOXX  ,0.0
OO XOXX X,-1.0
OO XOXXOX,-1.0
OO XOXXX ,-1.0
OO XOXXXO,-1.0
OO XX    ,1.0
OO XX   X,-1.0
OO XX  OX,1.0
OO XX  X ,-1.0
OO XX  XO,1.0
OO XX O X,1.0
OO XX OX ,1.0
OO XX OXX,-1.0
OO XX X  ,-1.0
OO XX X O,1.0
OO XX XO ,0.0
OO XX XOX,-1.0
OO XX XXO,-1.0
OO XXO  X,0.0
OO XXO X ,0.0
OO XXO XX,-1.0
OO XXOOXX,0.0
OO XXOX  ,1.0
OO XXOX X,-1.0
OO XXOXOX,1.0
OO XXOXX ,-1.0
OO XXOXXO,1.0
OO XXX   ,1.0
OO XXX OX,1.0
OO XXX XO,1.0
OO XXXO X,1.0
OO XXXOX ,1.0
OO XXXX O,1.0
OO XXXXO ,1.0
OOO  X XX,-1.0
OOO  XX X,-1.0
OOO  XXX ,-1.0
OOO X  XX,-1.0
OOO X X X,-1.0
OOO X XX ,-1.0
OOO XX  X,-1.0
OOO XX X ,-1.0
OOO XXOXX,-1.0
OOO XXX  ,-1.0
OOO XXXOX,-1.0
OOO XXXXO,-1.0
OOOOXX XX,-1.0
OOOOXXX X,-1.0
OOOOXXXX ,-1.0
OOOX   XX,-1.0
OOOX  X X,-1.0
OOOX  XX ,-1.0
OOOX X  X,-1.0
OOOX X X ,-1.0
OOOX XOXX,-1.0
OOOX XX  ,-1.0
OOOX XXOX,-1.0
OOOXOX XX,-1.0
OOOXOXX X,-1.0
OOOXOXXX ,-1.0
OOOXX   X,-1.0
OOOXX  X ,-1.0
OOOXX OXX,-1.0
OOOXX X  ,-1.0
OOOXX XOX,-1.0
OOOXX XXO,-1.0
OOOXXO XX,-1.0
OOOXXOX X,-1.0
OOOXXOXX ,-1.0
OOX     X,1.0
OOX    X ,1.0
OOX    XX,1.0
OOX   OXX,1.0
OOX   X  ,1.0
OOX   X X,1.0
OOX   XOX,1.0
OOX   XX ,0.0
OOX   XXO,1.0
OOX  O XX,1.0
OOX  OX X,1.0
OOX  OXX ,1.0
OOX  OXXX,1.0
OOX  X   ,1.0
OOX  X  X,1.0
OOX  X X ,1.0
OOX  X XO,1.0
OOX  XOX ,1.0
OOX  XOXX,1.0
OOX  XX  ,1.0
OOX  XX O,1.0
OOX  XXO ,1.0
OOX  XXOX,1.0
OOX  XXXO,-1.0
OOX O  XX,1.0
OOX O X X,1.0
OOX O XX ,1.0
OOX O XXX,1.0
OOX OX X ,1.0
OOX OX XX,1.0
OOX OXX  ,1.0
OOX OXX X,1.0
OOX OXXX ,-1.0
OOX OXXXO,-1.0
OOX X    ,1.0
OOX X   X,1.0
OOX X  OX,1.0
OOX X  X ,0.0
OOX X  XO,1.0
OOX X O X,1.0
OOX X OX ,0.0
OOX X OXX,-1.0
OOX X X  ,1.0
OOX X XOX,1.0
OOX X XXO,1.0
OOX XO  X,1.0
OOX XO X ,1.0
OOX XO XX,0.0
OOX XOOXX,0.0
OOX XOX X,1.0
OOX XOXX ,1.0
OOX XX   ,0.0
OOX XX  O,1.0
OOX XX O ,1.0
OOX XX XO,1.0
OOX XXO X,1.0
OOX XXOX ,-1.0
OOX XXOXO,1.0
OOX XXX O,1.0
OOXO   XX,1.0
OOXO  X X,1.0
OOXO  XX ,1.0
OOXO  XXX,1.0
OOXO X X ,1.0
OOXO X XX,1.0
OOXO XX  ,1.0
OOXO XXX ,0.0
OOXO XXXO,1.0
OOXOOXXX ,1.0
OOXOOXXXX,1.0
OOXOX   X,1.0
OOXOX  X ,1.0
OOXOX  XX,-1.0
OOXOX OXX,-1.0
OOXOX X X,1.0
OOXOX XX ,1.0
OOXOXO XX,0.0
OOXOXOXXX,1.0
OOXOXX   ,1.0
OOXOXX  X,1.0
OOXOXX X ,-1.0
OOXOXX XO,1.0
OOXOXXOX ,-1.0
OOXOXXX  ,1.0
OOXOXXXOX,1.0
OOXOXXXXO,1.0
OOXX     ,1.0
OOXX    X,1.0
OOXX   OX,1.0
OOXX   X ,1.0
OOXX   XO,1.0
OOXX  O X,1.0
OOXX  OX ,1.0
OOXX  OXX,0.0
OOXX  X  ,-1.0
OOXX  X O,1.0
OOXX  XO ,1.0
OOXX  XOX,-1.0
OOXX  XXO,-1.0
OOXX O  X,1.0
OOXX O X ,1.0
OOXX O XX,0.0
OOXX OOXX,0.0
OOXX OX  ,1.0
OOXX OX X,1.0
OOXX OXOX,1.0
OOXX OXX ,1.0
OOXX OXXO,1.0
OOXX X   ,0.0
OOXX X O ,1.0
OOXX X OX,1.0
OOXX X XO,-1.0
OOXX XO  ,1.0
OOXX XO X,1.0
OOXX XOX ,1.0
OOXX XOXO,1.0
OOXX XX O,-1.0
OOXX XXO ,0.0
OOXX XXOO,1.0
OOXXO   X,1.0
OOXXO  X ,1.0
OOXXO  XX,1.0
OOXXO OXX,1.0
OOXXO X  ,-1.0
OOXXO X X,-1.0
OOXXO XOX,-1.0
OOXXO XX ,-1.0
OOXXO XXO,-1.0
OOXXOO XX,1.0
OOXXOOX X,1.0
OOXXOOXX ,1.0
OOXXOOXXX,1.0
OOXXOX   ,0.0
OOXXOX  X,1.0
OOXXOX X ,-1.0
OOXXOX XO,-1.0
OOXXOXOX ,1.0
OOXXOXOXX,1.0
OOXXOXX  ,-1.0
OOXXOXX O,-1.0
OOXXOXXO ,-1.0
OOXXX    ,1.0
OOXXX   O,1.0
OOXXX  O ,1.0
OOXXX  OX,0.0
OOXXX  XO,1.0
OOXXX O  ,1.0
OOXXX O X,0.0
OOXXX OOX,1.0
OOXXX OX ,0.0
OOXXX OXO,1.0
OOXXX X O,1.0
OOXXX XO ,1.0
OOXXXO   ,1.0
OOXXXO  X,0.0
OOXXXO OX,1.0
OOXXXO X ,0.0
OOXXXO XO,1.0
OOXXXOO X,0.0
OOXXXOOX ,0.0
OOXXXOOXX,0.0
OOXXXOX  ,1.0
OOXXXOXOX,1.0
OOXXXOXXO,1.0
OOXXXX O ,1.0
OOXXXXO  ,1.0
OOXXXXOOX,1.0
OOXXXXOXO,1.0
OOXXXXXOO,1.0
OX       ,0.0
OX      X,0.0
OX     OX,0.0
OX     X ,-1.0
OX     XO,1.0
OX    O X,0.0
OX    OX ,1.0
OX    OXX,-1.0
OX    X  ,0.0
OX    X O,1.0
OX    XO ,0.0
OX    XOX,0.0
OX    XXO,-1.0
OX   O  X,1.0
OX   O X ,1.0
OX   O XX,1.0
OX   OOXX,1.0
OX   OX  ,1.0
OX   OX X,0.0
OX   OXOX,0.0
OX   X   ,-1.0
OX   X  O,1.0
OX   X O ,0.0
OX   X OX,0.0
OX   X XO,-1.0
OX   XO  ,-1.0
OX   XO X,-1.0
OX   XOOX,1.0
OX   XOX ,-1.0
OX   XOXO,1.0
OX   XX O,-1.0
OX   XXO ,0.0
OX   XXOO,1.0
OX  O   X,0.0
OX  O  X ,-1.0
OX  O  XX,-1.0
OX  O OXX,-1.0
OX  O X  ,0.0
OX  O X X,0.0
OX  O XOX,0.0
OX  O XX ,-1.0
OX  O XXO,-1.0
OX  OO XX,1.0
OX  OOX X,1.0
OX  OOXX ,1.0
OX  OOXXX,1.0
OX  OX   ,0.0
OX  OX  X,0.0
OX  OX OX,1.0
OX  OX X ,-1.0
OX  OX XO,-1.0
OX  OXO X,1.0
OX  OXOX ,-1.0
OX  OXOXX,-1.0
OX  OXX  ,-1.0
OX  OXX O,-1.0
OX  OXXO ,0.0
OX  OXXOX,0.0
OX  X    ,0.0
OX  X   O,1.0
OX  X  O ,0.0
OX  X  OX,0.0
OX  X  XO,1.0
OX  X O  ,1.0
OX  X O X,-1.0
OX  X OOX,0.0
OX  X OX ,1.0
OX  X X O,1.0
OX  X XO ,0.0
OX  X XOO,1.0
OX  XO   ,1.0
OX  XO  X,0.0
OX  XO OX,0.0
OX  XO X ,1.0
OX  XOO X,1.0
OX  XOOXX,1.0
OX  XOX  ,1.0
OX  XOX O,1.0
OX  XOXO ,1.0
OX  XOXOX,0.0
OX  XX  O,1.0
OX  XX O ,0.0
OX  XX OO,1.0
OX  XXO  ,-1.0
OX  XXO O,1.0
OX  XXOO ,1.0
OX  XXOOX,-1.0
OX  XXOXO,1.0
OX  XXXOO,1.0
OX O    X,1.0
OX O   X ,1.0
OX O   XX,-1.0
OX O  OXX,-1.0
OX O  X  ,1.0
OX O  X X,1.0
OX O  XOX,1.0
OX O  XX ,0.0
OX O O XX,1.0
OX O OX X,1.0
OX O OXX ,0.0
OX O OXXX,1.0
OX O X   ,1.0
OX O X  X,-1.0
OX O X OX,1.0
OX O X X ,-1.0
OX O X XO,1.0
OX O XO X,-1.0
OX O XOX ,-1.0
OX O XX  ,1.0
OX O XX O,1.0
OX O XXO ,1.0
OX O XXOX,0.0
OX O XXXO,-1.0
OX OO  XX,1.0
OX OO X X,1.0
OX OO XX ,1.0
OX OO XXX,1.0
OX OOX  X,1.0
OX OOX X ,-1.0
OX OOX XX,-1.0
OX OOXOXX,-1.0
OX OOXX  ,1.0
OX OOXX X,1.0
OX OOXXOX,1.0
OX OOXXX ,-1.0
OX OOXXXO,-1.0
OX OX    ,1.0
OX OX   X,-1.0
OX OX  OX,0.0
OX OX  X ,1.0
OX OX O X,-1.0
OX OX X O,1.0
OX OX XO ,1.0
OX OX XOX,0.0
OX OXO  X,1.0
OX OXO XX,1.0
OX OXOX  ,1.0
OX OXOX X,1.0
OX OXOXOX,1.0
OX OXOXX ,1.0
OX OXX   ,-1.0
OX OXX  O,1.0
OX OXX O ,0.0
OX OXX OX,-1.0
OX OXX XO,1.0
OX OXXO  ,-1.0
OX OXXOOX,-1.0
OX OXXX O,1.0
OX OXXXO ,0.0
OX OXXXOO,1.0
OX X     ,0.0
OX X    O,1.0
OX X   O ,0.0
OX X   OX,0.0
OX X   XO,-1.0
OX X  O  ,1.0
OX X  O X,0.0
OX X  OOX,1.0
OX X  OX ,0.0
OX X  OXO,1.0
OX X  X O,-1.0
OX X  XO ,0.0
OX X  XOO,1.0
OX X O   ,0.0
OX X O  X,0.0
OX X O OX,0.0
OX X O X ,0.0
OX X O XO,1.0
OX X OO X,0.0
OX X OOX ,1.0
OX X OOXX,0.0
OX X OX  ,-1.0
OX X OX O,-1.0
OX X OXO ,0.0
OX X OXOX,0.0
OX X OXXO,-1.0
OX X X  O,-1.0
OX X X O ,0.0
OX X X OO,1.0
OX X XO  ,-1.0
OX X XO O,1.0
OX X XOO ,1.0
OX X XOOX,1.0
OX X XOXO,-1.0
OX X XXOO,-1.0
OX XO    ,0.0
OX XO   X,0.0
OX XO  OX,0.0
OX XO  X ,-1.0
OX XO  XO,-1.0
OX XO O X,0.0
OX XO OX ,-1.0
OX XO OXX,-1.0
OX XO X  ,-1.0
OX XO X O,-1.0
OX XO XO ,0.0
OX XO XOX,0.0
OX XOO  X,0.0
OX XOO X ,0.0
OX XOO XX,0.0
OX XOOOXX,0.0
OX XOOX  ,0.0
OX XOOX X,0.0
OX XOOXOX,0.0
OX XOOXX ,-1.0
OX XOOXXO,-1.0
OX XOX   ,-1.0
OX XOX  O,-1.0
OX XOX O ,0.0
OX XOX OX,0.0
OX XOXO  ,-1.0
OX XOXO X,-1.0
OX XOXOOX,1.0
OX XOXOX ,-1.0
OX XOXOXO,-1.0
OX XOXXO ,-1.0
OX XOXXOO,-1.0
OX XX   O,1.0
OX XX  O ,0.0
OX XX  OO,1.0
OX XX O  ,1.0
OX XX O O,1.0
OX XX OO ,1.0
OX XX OOX,0.0
OX XX OXO,1.0
OX XX XOO,1.0
OX XXO   ,0.0
OX XXO  O,1.0
OX XXO O ,0.0
OX XXO OX,0.0
OX XXO XO,1.0
OX XXOO  ,1.0
OX XXOO X,0.0
OX XXOOOX,0.0
OX XXOOX ,1.0
OX XXOX O,-1.0
OX XXOXO ,0.0
OX XXOXOO,1.0
OX XXX OO,1.0
OX XXXO O,1.0
OX XXXOO ,1.0
OXO     X,1.0
OXO    X ,1.0
OXO    XX,1.0
OXO   OXX,1.0
OXO   X  ,1.0
OXO   X X,0.0
OXO   XOX,0.0
OXO   XX ,1.0
OXO   XXO,1.0
OXO  O XX,1.0
OXO  OX X,1.0
OXO  OXX ,1.0
OXO  OXXX,1.0
OXO  X   ,1.0
OXO  X  X,-1.0
OXO  X OX,0.0
OXO  X X ,-1.0
OXO  X XO,1.0
OXO  XO X,-1.0
OXO  XOXX,-1.0
OXO  XX  ,0.0
OXO  XX O,1.0
OXO  XXO ,0.0
OXO  XXOX,0.0
OXO  XXXO,-1.0
OXO O  XX,1.0
OXO O X X,1.0
OXO O XX ,1.0
OXO O XXX,1.0
OXO OX  X,0.0
OXO OX X ,-1.0
OXO OX XX,-1.0
OXO OXOXX,-1.0
OXO OXX  ,0.0
OXO OXX X,0.0
OXO OXXOX,0.0
OXO OXXX ,-1.0
OXO OXXXO,-1.0
OXO X    ,1.0
OXO X   X,0.0
OXO X  OX,0.0
OXO X  X ,1.0
OXO X O X,1.0
OXO X OXX,1.0
OXO X X  ,0.0
OXO X X O,1.0
OXO X XO ,0.0
OXO X XOX,0.0
OXO X XXO,1.0
OXO XO  X,1.0
OXO XO XX,1.0
OXO XOX  ,1.0
OXO XOX X,0.0
OXO XOXOX,0.0
OXO XOXX ,1.0
OXO XX   ,1.0
OXO XX  O,1.0
OXO XX O ,1.0
OXO XX OX,0.0
OXO XX XO,1.0
OXO XXO  ,1.0
OXO XXO X,-1.0
OXO XXOOX,1.0
OXO XXOX ,1.0
OXO XXX O,1.0
OXO XXXO ,0.0
OXO XXXOO,1.0
OXOO   XX,1.0
OXOO  X X,1.0
OXOO  XX ,1.0
OXOO  XXX,1.0
OXOO X  X,0.0
OXOO X X ,1.0
OXOO X XX,-1.0
OXOO XOXX,-1.0
OXOO XX  ,1.0
OXOO XX X,0.0
OXOO XXOX,0.0
OXOO XXX ,1.0
OXOO XXXO,1.0
OXOOOX XX,1.0
OXOOOXX X,1.0
OXOOOXXX ,1.0
OXOOOXXXX,1.0
OXOOX   X,1.0
OXOOX  XX,1.0
OXOOX X  ,1.0
OXOOX X X,0.0
OXOOX XOX,0.0
OXOOX XX ,1.0
OXOOXOX X,1.0
OXOOXOXXX,1.0
OXOOXX   ,1.0
OXOOXX  X,-1.0
OXOOXX OX,0.0
OXOOXX X ,1.0
OXOOXXO X,-1.0
OXOOXXX  ,0.0
OXOOXXX O,1.0
OXOOXXXO ,0.0
OXOOXXXOX,0.0
OXOOXXXXO,1.0
OXOX     ,1.0
OXOX    X,0.0
OXOX   OX,0.0
OXOX   X ,-1.0
OXOX   XO,0.0
OXOX  O X,1.0
OXOX  OX ,1.0
OXOX  OXX,-1.0
OXOX  X  ,-1.0
OXOX  X O,-1.0
OXOX  XO ,0.0
OXOX  XOX,0.0
OXOX  XXO,-1.0
OXOX O  X,1.0
OXOX O X ,1.0
OXOX O XX,1.0
OXOX OOXX,1.0
OXOX OX  ,0.0
OXOX OX X,0.0
OXOX OXOX,0.0
OXOX OXX ,-1.0
OXOX OXXO,-1.0
OXOX X   ,-1.0
OXOX X  O,1.0
OXOX X O ,1.0
OXOX X OX,0.0
OXOX X XO,-1.0
OXOX XO  ,1.0
OXOX XO X,-1.0
OXOX XOOX,1.0
OXOX XOXO,1.0
OXOX XX O,-1.0
OXOX XXO ,0.0
OXOX XXOO,1.0
OXOXO   X,0.0
OXOXO  X ,-1.0
OXOXO  XX,-1.0
OXOXO OXX,-1.0
OXOXO X  ,0.0
OXOXO X X,0.0
OXOXO XOX,0.0
OXOXO XX ,-1.0
OXOXO XXO,-1.0
OXOXOO XX,1.0
OXOXOOX X,1.0
OXOXOOXXX,1.0
OXOXOX   ,-1.0
OXOXOX  X,-1.0
OXOXOX OX,0.0
OXOXOX X ,-1.0
OXOXOX XO,-1.0
OXOXOXO X,-1.0
OXOXOXOX ,-1.0
OXOXOXX  ,-1.0
OXOXOXX O,-1.0
OXOXOXXO ,0.0
OXOXOXXOX,0.0
OXOXX    ,1.0
OXOXX   O,1.0
OXOXX  O ,1.0
OXOXX  OX,0.0
OXOXX  XO,1.0
OXOXX O  ,1.0
OXOXX O X,1.0
OXOXX OOX,1.0
OXOXX OX ,1.0
OXOXX X O,-1.0
OXOXX XO ,0.0
OXOXX XOO,1.0
OXOXXO   ,1.0
OXOXXO  X,0.0
OXOXXO OX,0.0
OXOXXO X ,1.0
OXOXXOO X,1.0
OXOXXOOXX,1.0
OXOXXOX  ,-1.0
OXOXXOX O,-1.0
OXOXXOXO ,0.0
OXOXXOXOX,0.0
OXOXXX  O,1.0
OXOXXX O ,1.0
OXOXXXO  ,1.0
OXOXXXOOX,1.0
OXOXXXOXO,1.0
OXOXXXXOO,1.0
OXX      ,-1.0
OXX     O,1.0
OXX    O ,0.0
OXX    OX,0.0
OXX    XO,-1.0
OXX   O  ,0.0
OXX   O X,-1.0
OXX   OOX,1.0
OXX   OX ,-1.0
OXX   OXO,1.0
OXX   X O,-1.0
OXX   XO ,0.0
OXX   XOO,1.0
OXX  O   ,1.0
OXX  O  X,0.0
OXX  O OX,0.0
OXX  O X ,0.0
OXX  O XO,0.0
OXX  OO X,0.0
OXX  OOX ,1.0
OXX  OOXX,-1.0
OXX  OX  ,0.0
OXX  OX O,1.0
OXX  OXO ,1.0
OXX  OXOX,0.0
OXX  OXXO,-1.0
OXX  X  O,-1.0
OXX  X O ,-1.0
OXX  X OO,-1.0
OXX  XO  ,-1.0
OXX  XOO ,1.0
OXX  XOOX,1.0
OXX  XOXO,-1.0
OXX  XXOO,-1.0
OXX O    ,0.0
OXX O   X,0.0
OXX O  OX,1.0
OXX O  X ,-1.0
OXX O  XO,-1.0
OXX O O X,1.0
OXX O OX ,-1.0
OXX O OXX,-1.0
OXX O X  ,-1.0
OXX O X O,-1.0
OXX O XO ,0.0
OXX O XOX,0.0
OXX OO  X,0.0
OXX OO X ,0.0
OXX OO XX,-1.0
OXX OOOXX,0.0
OXX OOX  ,0.0
OXX OOX X,-1.0
OXX OOXOX,0.0
OXX OOXX ,-1.0
OXX OOXXO,-1.0
OXX OX   ,-1.0
OXX OX  O,-1.0
OXX OX O ,1.0
OXX OX OX,1.0
OXX OXO  ,1.0
OXX OXO X,1.0
OXX OXOX ,-1.0
OXX OXOXO,-1.0
OXX OXXO ,-1.0
OXX OXXOO,-1.0
OXX X   O,1.0
OXX X  O ,-1.0
OXX X  OO,1.0
OXX X O  ,-1.0
OXX X O O,1.0
OXX X OO ,-1.0
OXX X OOX,-1.0
OXX X OXO,1.0
OXX X XOO,1.0
OXX XO   ,1.0
OXX XO  O,1.0
OXX XO O ,1.0
OXX XO OX,0.0
OXX XOO  ,1.0
OXX XOO X,-1.0
OXX XOOOX,0.0
OXX XOOX ,1.0
OXX XOX O,1.0
OXX XOXO ,1.0
OXX XX OO,-1.0
OXX XXO O,-1.0
OXX XXOO ,-1.0
OXX XXOOO,-1.0
OXXO     ,-1.0
OXXO    X,-1.0
OXXO   OX,1.0
OXXO   X ,-1.0
OXXO   XO,1.0
OXXO  O X,-1.0
OXXO  OX ,-1.0
OXXO  X  ,-1.0
OXXO  X O,1.0
OXXO  XO ,1.0
OXXO  XOX,1.0
OXXO  XXO,-1.0
OXXO O  X,0.0
OXXO O X ,1.0
OXXO O XX,-1.0
OXXO OOXX,-1.0
OXXO OX  ,1.0
OXXO OX X,-1.0
OXXO OXOX,1.0
OXXO OXX ,-1.0
OXXO OXXO,1.0
OXXO X   ,-1.0
OXXO X  O,-1.0
OXXO X O ,1.0
OXXO X OX,1.0
OXXO X XO,-1.0
OXXO XO  ,-1.0
OXXO XOXO,-1.0
OXXO XX O,-1.0
OXXO XXO ,1.0
OXXO XXOO,1.0
OXXOO   X,1.0
OXXOO  X ,0.0
OXXOO  XX,-1.0
OXXOO OXX,-1.0
OXXOO X  ,-1.0
OXXOO X X,-1.0
OXXOO XOX,1.0
OXXOO XX ,-1.0
OXXOO XXO,-1.0
OXXOOO XX,-1.0
OXXOOOX X,-1.0
OXXOOOXX ,-1.0
OXXOOX   ,1.0
OXXOOX  X,1.0
OXXOOX X ,-1.0
OXXOOX XO,-1.0
OXXOOXOX ,-1.0
OXXOOXX  ,-1.0
OXXOOXX O,-1.0
OXXOOXXO ,1.0
OXXOOXXOX,1.0
OXXOX    ,-1.0
OXXOX   O,1.0
OXXOX  O ,1.0
OXXOX  OX,-1.0
OXXOX  XO,1.0
OXXOX O  ,-1.0
OXXOX OOX,-1.0
OXXOX X O,1.0
OXXOX XO ,1.0
OXXOXO   ,1.0
OXXOXO  X,-1.0
OXXOXO OX,1.0
OXXOXO X ,1.0
OXXOXOO X,-1.0
OXXOXOX  ,1.0
OXXOXOXOX,1.0
OXXOXOXXO,1.0
OXXOXX  O,-1.0
OXXOXX O ,-1.0
OXXOXX OO,1.0
OXXOXXO O,-1.0
OXXOXXOO ,-1.0
OXXOXXXOO,1.0
OXXX    O,-1.0
OXXX   O ,-1.0
OXXX   OO,-1.0
OXXX  O  ,0.0
OXXX  O O,0.0
OXXX  OO ,0.0
OXXX  OOX,0.0
OXXX  OXO,-1.0
OXXX  XOO,-1.0
OXXX O   ,0.0
OXXX O  O,1.0
OXXX O O ,0.0
OXXX O OX,0.0
OXXX O XO,-1.0
OXXX OO  ,0.0
OXXX OO X,0.0
OXXX OOOX,0.0
OXXX OOX ,0.0
OXXX OOXO,1.0
OXXX OX O,-1.0
OXXX OXO ,0.0
OXXX OXOO,1.0
OXXX X OO,-1.0
OXXX XO O,-1.0
OXXX XOO ,-1.0
OXXX XOOO,-1.0
OXXXO    ,-1.0
OXXXO   O,-1.0
OXXXO  O ,0.0
OXXXO  OX,0.0
OXXXO O  ,0.0
OXXXO O X,0.0
OXXXO OOX,1.0
OXXXO OX ,-1.0
OXXXO OXO,-1.0
OXXXO XO ,-1.0
OXXXO XOO,-1.0
OXXXOO   ,0.0
OXXXOO  X,0.0
OXXXOO OX,0.0
OXXXOO X ,-1.0
OXXXOO XO,-1.0
OXXXOOO X,0.0
OXXXOOOX ,0.0
OXXXOOOXX,0.0
OXXXOOX  ,-1.0
OXXXOOX O,-1.0
OXXXOOXO ,0.0
OXXXOOXOX,0.0
OXXXOX O ,-1.0
OXXXOX OO,-1.0
OXXXOXO  ,-1.0
OXXXOXO O,-1.0
OXXXOXOO ,1.0
OXXXOXOOX,1.0
OXXXX  OO,-1.0
OXXXX O O,-1.0
OXXXX OO ,-1.0
OXXXX OOO,-1.0
OXXXXO  O,1.0
OXXXXO O ,0.0
OXXXXO OO,1.0
OXXXXOO  ,0.0
OXXXXOO O,1.0
OXXXXOOO ,0.0
OXXXXOOOX,0.0
OXXXXOOXO,1.0
OXXXXOXOO,1.0
X        ,0.0
X       O,1.0
X      O ,1.0
X      OX,0.0
X      XO,0.0
X     O  ,1.0
X     O X,1.0
X     OOX,1.0
X     OX ,0.0
X     OXO,1.0
X     X O,0.0
X     XO ,1.0
X     XOO,1.0
X    O   ,1.0
X    O  X,0.0
X    O OX,1.0
X    O X ,0.0
X    O XO,1.0
X    OO X,1.0
X    OOX ,1.0
X    OOXX,-1.0
X    OX  ,1.0
X    OX O,1.0
X    OXO ,1.0
X    OXOX,1.0
X    OXXO,-1.0
X    X  O,0.0
X    X O ,0.0
X    X OO,1.0
X    XO  ,0.0
X    XO O,0.0
X    XOO ,1.0
X    XOOX,1.0
X    XOXO,0.0
X    XXOO,1.0
X   O    ,0.0
X   O   X,0.0
X   O  OX,0.0
X   O  X ,0.0
X   O  XO,0.0
X   O O X,1.0
X   O OX ,0.0
X   O OXX,-1.0
X   O X  ,0.0
X   O X O,1.0
X   O XO ,1.0
X   O XOX,-1.0
X   O XXO,0.0
X   OO  X,0.0
X   OO X ,0.0
X   OO XX,-1.0
X   OOOXX,-1.0
X   OOX  ,1.0
X   OOX X,-1.0
X   OOXOX,1.0
X   OOXX ,-1.0
X   OOXXO,1.0
X   OX   ,0.0
X   OX  O,0.0
X   OX O ,0.0
X   OX OX,-1.0
X   OX XO,0.0
X   OXO  ,1.0
X   OXO X,-1.0
X   OXOOX,1.0
X   OXOX ,-1.0
X   OXOXO,0.0
X   OXX O,0.0
X   OXXO ,-1.0
X   OXXOO,1.0
X   X   O,0.0
X   X  O ,1.0
X   X  OO,1.0
X   X O  ,0.0
X   X O O,0.0
X   X OO ,1.0
X   X OOX,1.0
X   X OXO,0.0
X   X XOO,1.0
X   XO   ,1.0
X   XO  O,1.0
X   XO O ,1.0
X   XO OX,1.0
X   XO XO,-1.0
X   XOO  ,1.0
X   XOO X,1.0
X   XOOXO,1.0
X   XOX O,-1.0
X   XOXOO,1.0
X   XX OO,-1.0
X   XXO O,-1.0
X   XXOO ,0.0
X   XXOOO,-1.0
X  O     ,1.0
X  O    X,0.0
X  O   OX,1.0
X  O   X ,0.0
X  O   XO,1.0
X  O  O X,1.0
X  O  OX ,1.0
X  O  OXX,-1.0
X  O  X  ,0.0
X  O  X O,0.0
X  O  XO ,1.0
X  O  XOX,0.0
X  O  XXO,0.0
X  O O  X,1.0
X  O O X ,1.0
X  O O XX,-1.0
X  O OOXX,1.0
X  O OX  ,1.0
X  O OX X,-1.0
X  O OXOX,1.0
X  O OXX ,-1.0
X  O OXXO,0.0
X  O X   ,0.0
X  O X  O,0.0
X  O X O ,1.0
X  O X OX,0.0
X  O X XO,0.0
X  O XO  ,1.0
X  O XO X,0.0
X  O XOOX,1.0
X  O XOX ,1.0
X  O XOXO,1.0
X  O XX O,0.0
X  O XXO ,0.0
X  O XXOO,1.0
X  OO   X,0.0
X  OO  X ,0.0
X  OO  XX,-1.0
X  OO OXX,-1.0
X  OO X  ,0.0
X  OO X X,-1.0
X  OO XOX,0.0
X  OO XX ,-1.0
X  OO XXO,0.0
X  OOO XX,-1.0
X  OOOX X,-1.0
X  OOOXX ,-1.0
X  OOX   ,1.0
X  OOX  X,0.0
X  OOX OX,1.0
X  OOX X ,0.0
X  OOX XO,0.0
X  OOXO X,1.0
X  OOXOX ,1.0
X  OOXOXX,-1.0
X  OOXX  ,0.0
X  OOXX O,0.0
X  OOXXO ,0.0
X  OOXXOX,-1.0
X  OOXXXO,0.0
X  OX    ,1.0
X  OX   O,1.0
X  OX  O ,1.0
X  OX  OX,1.0
X  OX  XO,0.0
X  OX O  ,1.0
X  OX O X,1.0
X  OX OX ,0.0
X  OX OXO,1.0
X  OX X O,0.0
X  OX XO ,1.0
X  OX XOO,1.0
X  OXO   ,1.0
X  OXO  X,1.0
X  OXO X ,1.0
X  OXO XO,1.0
X  OXOOX ,1.0
X  OXOOXX,1.0
X  OXOX  ,1.0
X  OXOX O,1.0
X  OXOXO ,1.0
X  OXOXOX,1.0
X  OXOXXO,-1.0
X  OXX  O,0.0
X  OXX O ,0.0
X  OXX OO,0.0
X  OXXO  ,0.0
X  OXXO O,0.0
X  OXXOO ,1.0
X  OXXOOX,1.0
X  OXXOXO,0.0
X  OXXXOO,0.0
X  X    O,-1.0
X  X   O ,-1.0
X  X   OO,1.0
X  X  O  ,-1.0
X  X  O O,-1.0
X  X  OO ,-1.0
X  X  OOX,-1.0
X  X  OXO,-1.0
X  X  XOO,1.0
X  X O   ,0.0
X  X O  O,1.0
X  X O O ,1.0
X  X O OX,1.0
X  X O XO,-1.0
X  X OO  ,0.0
X  X OO X,0.0
X  X OOOX,1.0
X  X OOX ,-1.0
X  X OOXO,0.0
X  X OX O,1.0
X  X OXO ,1.0
X  X X OO,-1.0
X  X XO O,-1.0
X  X XOO ,-1.0
X  X XOOO,-1.0
X  XO    ,0.0
X  XO   O,1.0
X  XO  O ,1.0
X  XO  OX,-1.0
X  XO  XO,0.0
X  XO O  ,0.0
X  XO O X,-1.0
X  XO OOX,-1.0
X  XO OX ,-1.0
X  XO OXO,0.0
X  XO X O,1.0
X  XO XO ,1.0
X  XOO   ,1.0
X  XOO  X,0.0
X  XOO OX,1.0
X  XOO X ,0.0
X  XOO XO,1.0
X  XOOO X,0.0
X  XOOOX ,0.0
X  XOOOXX,-1.0
X  XOOX  ,1.0
X  XOOXOX,1.0
X  XOOXXO,1.0
X  XOX  O,-1.0
X  XOX O ,-1.0
X  XOX OO,1.0
X  XOXO  ,-1.0
X  XOXO O,-1.0
X  XOXOOX,-1.0
X  XOXOXO,-1.0
X  XOXXOO,1.0
X  XX  OO,-1.0
X  XX O O,-1.0
X  XX OO ,-1.0
X  XX OOO,-1.0
X  XXO  O,-1.0
X  XXO O ,0.0
X  XXOO  ,-1.0
X  XXOO O,-1.0
X  XXOOO ,1.0
X  XXOOOX,1.0
X  XXOOXO,-1.0
X  XXOXOO,1.0
X O      ,1.0
X O     X,1.0
X O    OX,1.0
X O    X ,0.0
X O    XO,0.0
X O   O X,1.0
X O   OX ,1.0
X O   OXX,-1.0
X O   X  ,0.0
X O   X O,1.0
X O   XO ,1.0
X O   XOX,1.0
X O   XXO,-1.0
X O  O  X,1.0
X O  O X ,0.0
X O  O XX,0.0
X O  OOXX,1.0
X O  OX  ,1.0
X O  OX X,0.0
X O  OXOX,1.0
X O  OXX ,-1.0
X O  OXXO,-1.0
X O  X   ,0.0
X O  X  O,1.0
X O  X O ,1.0
X O  X OX,-1.0
X O  X XO,0.0
X O  XO  ,1.0
X O  XO X,-1.0
X O  XOOX,1.0
X O  XOX ,-1.0
X O  XOXO,1.0
X O  XX O,0.0
X O  XXO ,0.0
X O  XXOO,1.0
X O O   X,1.0
X O O  X ,1.0
X O O  XX,-1.0
X O O OXX,-1.0
X O O X  ,1.0
X O O X X,1.0
X O O XOX,1.0
X O O XX ,1.0
X O O XXO,1.0
X O OO XX,1.0
X O OOX X,1.0
X O OOXX ,1.0
X O OOXXX,1.0
X O OX   ,0.0
X O OX  X,-1.0
X O OX OX,-1.0
X O OX X ,-1.0
X O OX XO,0.0
X O OXO X,-1.0
X O OXOX ,-1.0
X O OXX  ,0.0
X O OXX O,1.0
X O OXXO ,1.0
X O OXXOX,-1.0
X O OXXXO,0.0
X O X    ,0.0
X O X   O,0.0
X O X  O ,1.0
X O X  OX,1.0
X O X  XO,-1.0
X O X O  ,1.0
X O X O X,1.0
X O X OX ,1.0
X O X OXO,1.0
X O X X O,-1.0
X O X XO ,1.0
X O X XOO,1.0
X O XO   ,1.0
X O XO  X,1.0
X O XO X ,-1.0
X O XO XO,-1.0
X O XOOX ,1.0
X O XOOXX,1.0
X O XOX  ,-1.0
X O XOX O,-1.0
X O XOXO ,1.0
X O XOXOX,1.0
X O XX  O,0.0
X O XX O ,1.0
X O XX OO,1.0
X O XXO  ,1.0
X O XXO O,1.0
X O XXOO ,1.0
X O XXOOX,1.0
X O XXOXO,1.0
X O XXXOO,0.0
X OO    X,1.0
X OO   X ,0.0
X OO  OXX,1.0
X OO  X  ,0.0
X OO  X X,0.0
X OO  XOX,1.0
X OO  XX ,0.0
X OO O XX,1.0
X OO OX X,1.0
X OO OXX ,1.0
X OO OXXX,1.0
X OO X   ,0.0
X OO X  X,0.0
X OO X OX,1.0
X OO X X ,0.0
X OO X XO,0.0
X OO XO X,1.0
X OO XOX ,1.0
X OO XOXX,-1.0
X OO XX  ,0.0
X OO XX O,0.0
X OO XXO ,0.0
X OO XXOX,0.0
X OO XXXO,0.0
X OOO X X,1.0
X OOO XX ,1.0
X OOO XXX,1.0
X OOOX  X,0.0
X OOOX X ,0.0
X OOOX XX,-1.0
X OOOXOXX,-1.0
X OOOXX  ,0.0
X OOOXX X,0.0
X OOOXXOX,0.0
X OOOXXX ,0.0
X OOOXXXO,0.0
X OOX    ,1.0
X OOX   X,1.0
X OOX  X ,0.0
X OOX  XO,1.0
X OOX OX ,1.0
X OOX OXX,1.0
X OOX X  ,0.0
X OOX X O,0.0
X OOX XO ,1.0
X OOX XOX,1.0
X OOX XXO,-1.0
X OOXO X ,1.0
X OOXO XX,1.0
X OOXOX  ,1.0
X OOXOX X,1.0
X OOXOXX ,-1.0
X OOXOXXO,-1.0
X OOXX   ,0.0
X OOXX  O,0.0
X OOXX O ,1.0
X OOXX OX,1.0
X OOXX XO,0.0
X OOXXO  ,1.0
X OOXXO X,1.0
X OOXXOX ,1.0
X OOXXOXO,1.0
X OOXXX O,0.0
X OOXXXO ,0.0
X OOXXXOO,0.0
X OX     ,1.0
X OX    O,1.0
X OX   O ,1.0
X OX   XO,-1.0
X OX  O  ,1.0
X OX  O X,-1.0
X OX  OOX,1.0
X OX  OX ,-1.0
X OX  OXO,-1.0
X OX  X O,1.0
X OX  XO ,1.0
X OX O   ,1.0
X OX O  X,0.0
X OX O OX,1.0
X OX O X ,-1.0
X OX O XO,-1.0
X OX OO X,1.0
X OX OOX ,-1.0
X OX OOXX,-1.0
X OX OX  ,1.0
X OX OXOX,1.0
X OX X  O,1.0
X OX X O ,0.0
X OX X OO,1.0
X OX XO  ,-1.0
X OX XO O,1.0
X OX XOO ,1.0
X OX XOOX,0.0
X OX XOXO,-1.0
X OX XXOO,1.0
X OXO    ,1.0
X OXO   X,-1.0
X OXO  OX,0.0
X OXO  X ,-1.0
X OXO  XO,1.0
X OXO O X,-1.0
X OXO OX ,-1.0
X OXO X  ,1.0
X OXO XOX,1.0
X OXO XXO,1.0
X OXOO  X,1.0
X OXOO X ,1.0
X OXOO XX,-1.0
X OXOOOXX,-1.0
X OXOOX X,1.0
X OXOOXX ,1.0
X OXOX   ,-1.0
X OXOX  O,1.0
X OXOX OX,-1.0
X OXOX XO,-1.0
X OXOXO  ,-1.0
X OXOXOOX,-1.0
X OXOXOXO,-1.0
X OXOXX O,1.0
X OXOXXO ,1.0
X OXX   O,-1.0
X OXX  O ,0.0
X OXX  OO,1.0
X OXX O  ,1.0
X OXX O O,1.0
X OXX OO ,1.0
X OXX OOX,1.0
X OXX OXO,-1.0
X OXX XOO,1.0
X OXXO   ,-1.0
X OXXO  O,-1.0
X OXXO O ,1.0
X OXXO OX,1.0
X OXXOO  ,1.0
X OXXOO X,1.0
X OXXOOX ,-1.0
X OXXOOXO,-1.0
X OXXOXO ,1.0
X OXXX OO,1.0
X OXXXO O,1.0
X OXXXOO ,1.0
X X     O,1.0
X X    O ,1.0
X X    OO,1.0
X X   O  ,0.0
X X   O O,1.0
X X   OO ,1.0
X X   OXO,0.0
X X   XOO,0.0
X X  O   ,0.0
X X  O  O,1.0
X X  O O ,1.0
X X  O OX,1.0
X X  O XO,1.0
X X  OO  ,1.0
X X  OO X,1.0
X X  OOOX,1.0
X X  OOX ,0.0
X X  OOXO,1.0
X X  OX O,0.0
X X  OXO ,1.0
X X  OXOO,1.0
X X  X OO,-1.0
X X  XO O,-1.0
X X  XOO ,-1.0
X X  XOOO,-1.0
X X O    ,0.0
X X O   O,1.0
X X O  O ,1.0
X X O  OX,-1.0
X X O  XO,0.0
X X O O  ,1.0
X X O O X,1.0
X X O OOX,1.0
X X O OX ,0.0
X X O OXO,1.0
X X O X O,1.0
X X O XO ,-1.0
X X O XOO,1.0
X X OO   ,1.0
X X OO  X,-1.0
X X OO OX,1.0
X X OO X ,-1.0
X X OO XO,1.0
X X OOO X,1.0
X X OOOX ,1.0
X X OOOXX,-1.0
X X OOX  ,-1.0
X X OOX O,1.0
X X OOXO ,1.0
X X OOXOX,-1.0
X X OOXXO,-1.0
X X OX  O,0.0
X X OX O ,-1.0
X X OX OO,1.0
X X OXO  ,1.0
X X OXO O,1.0
X X OXOO ,1.0
X X OXOOX,1.0
X X OXOXO,0.0
X X OXXOO,-1.0
X X X  OO,-1.0
X X X O O,-1.0
X X X OO ,-1.0
X X X OOO,-1.0
X X XO  O,1.0
X X XO O ,0.0
X X XO OO,1.0
X X XOO  ,0.0
X X XOO O,1.0
X X XOOO ,1.0
X X XOOOX,1.0
X X XOOXO,0.0
X XO     ,1.0
X XO    O,1.0
X XO   O ,1.0
X XO   XO,0.0
X XO  O  ,1.0
X XO  O X,0.0
X XO  OOX,1.0
X XO  OX ,1.0
X XO  OXO,1.0
X XO  X O,0.0
X XO  XO ,0.0
X XO  XOO,1.0
X XO O   ,1.0
X XO O  X,-1.0
X XO O OX,1.0
X XO O X ,-1.0
X XO O XO,1.0
X XO OO X,1.0
X XO OOX ,1.0
X XO OOXX,-1.0
X XO OX  ,-1.0
X XO OXO ,1.0
X XO OXOX,-1.0
X XO X  O,0.0
X XO X O ,1.0
X XO X OO,1.0
X XO XO  ,0.0
X XO XO O,1.0
X XO XOO ,1.0
X XO XOOX,1.0
X XO XOXO,0.0
X XO XXOO,1.0
X XOO    ,1.0
X XOO   X,-1.0
X XOO  X ,-1.0
X XOO  XO,1.0
X XOO O X,1.0
X XOO OX ,1.0
X XOO OXX,-1.0
X XOO X  ,-1.0
X XOO X O,1.0
X XOO XO ,1.0
X XOO XOX,-1.0
X XOO XXO,-1.0
X XOOO  X,-1.0
X XOOO X ,-1.0
X XOOOOXX,-1.0
X XOOOX  ,-1.0
X XOOOXOX,-1.0
X XOOOXXO,-1.0
X XOOX   ,1.0
X XOOX  O,1.0
X XOOX O ,1.0
X XOOX OX,1.0
X XOOX XO,0.0
X XOOXO  ,1.0
X XOOXO X,1.0
X XOOXOX ,1.0
X XOOXOXO,1.0
X XOOXX O,0.0
X XOOXXO ,-1.0
X XOOXXOO,1.0
X XOX   O,0.0
X XOX  O ,0.0
X XOX O  ,1.0
X XOX O O,1.0
X XOX OO ,1.0
X XOX OXO,0.0
X XOX XOO,1.0
X XOXO   ,0.0
X XOXO  O,1.0
X XOXO O ,1.0
X XOXO OX,1.0
X XOXO XO,0.0
X XOXOO  ,1.0
X XOXOO X,1.0
X XOXOOXO,1.0
X XOXOX O,1.0
X XOXOXO ,1.0
X XOXX OO,-1.0
X XOXXO O,-1.0
X XOXXOO ,-1.0
X XOXXOOO,-1.0
X XX   OO,-1.0
X XX  O O,-1.0
X XX  OO ,-1.0
X XX  OOO,-1.0
X XX O  O,0.0
X XX O O ,1.0
X XX O OO,1.0
X XX OO  ,0.0
X XX OO O,1.0
X XX OOO ,1.0
X XX OOOX,1.0
X XX OOXO,0.0
X XXO   O,1.0
X XXO  O ,-1.0
X XXO  OO,1.0
X XXO O  ,0.0
X XXO O O,1.0
X XXO OO ,1.0
X XXO OOX,-1.0
X XXO OXO,0.0
X XXO XOO,1.0
X XXOO   ,1.0
X XXOO  O,1.0
X XXOO O ,1.0
X XXOO OX,-1.0
X XXOO XO,1.0
X XXOOO  ,1.0
X XXOOO X,0.0
X XXOOOOX,1.0
X XXOOOX ,0.0
X XXOOOXO,1.0
X XXOOX O,1.0
X XXOOXO ,1.0
X XXOX OO,-1.0
X XXOXO O,-1.0
X XXOXOO ,-1.0
X XXOXOOO,-1.0
X XXXO OO,-1.0
X XXXOO O,-1.0
X XXXOOO ,-1.0
X XXXOOOO,-1.0
XO       ,1.0
XO      X,0.0
XO     OX,1.0
XO     X ,0.0
XO     XO,0.0
XO    O X,1.0
XO    OX ,0.0
XO    OXX,0.0
XO    X  ,0.0
XO    X O,1.0
XO    XO ,1.0
XO    XOX,-1.0
XO    XXO,0.0
XO   O  X,1.0
XO   O X ,1.0
XO   O XX,1.0
XO   OOXX,1.0
XO   OX  ,1.0
XO   OX X,0.0
XO   OXOX,1.0
XO   OXX ,1.0
XO   OXXO,1.0
XO   X   ,0.0
XO   X  O,1.0
XO   X O ,0.0
XO   X OX,-1.0
XO   X XO,0.0
XO   XO  ,0.0
XO   XO X,0.0
XO   XOOX,1.0
XO   XOX ,0.0
XO   XOXO,0.0
XO   XX O,0.0
XO   XXO ,-1.0
XO   XXOO,1.0
XO  O   X,0.0
XO  O  X ,1.0
XO  O  XX,0.0
XO  O OXX,0.0
XO  O X  ,1.0
XO  O X X,-1.0
XO  O XOX,-1.0
XO  O XX ,1.0
XO  O XXO,1.0
XO  OO XX,1.0
XO  OOX X,1.0
XO  OOXX ,1.0
XO  OOXXX,1.0
XO  OX   ,0.0
XO  OX  X,-1.0
XO  OX OX,-1.0
XO  OX X ,0.0
XO  OX XO,0.0
XO  OXO X,1.0
XO  OXOX ,0.0
XO  OXOXX,-1.0
XO  OXX  ,-1.0
XO  OXX O,1.0
XO  OXXO ,-1.0
XO  OXXXO,0.0
XO  X    ,1.0
XO  X   O,1.0
XO  X  O ,1.0
XO  X  OX,1.0
XO  X  XO,0.0
XO  X O  ,1.0
XO  X O X,1.0
XO  X OX ,0.0
XO  X OXO,0.0
XO  X X O,1.0
XO  X XO ,1.0
XO  X XOO,1.0
XO  XO   ,1.0
XO  XO  X,1.0
XO  XO X ,0.0
XO  XO XO,0.0
XO  XOOX ,1.0
XO  XOOXX,1.0
XO  XOX  ,1.0
XO  XOX O,1.0
XO  XOXO ,1.0
XO  XOXOX,1.0
XO  XOXXO,-1.0
XO  XX  O,0.0
XO  XX O ,0.0
XO  XX OO,1.0
XO  XXO  ,0.0
XO  XXO O,1.0
XO  XXOO ,0.0
XO  XXOXO,0.0
XO O    X,1.0
XO O   X ,1.0
XO O   XX,1.0
XO O  OXX,1.0
XO O  X  ,0.0
XO O  X X,0.0
XO O  XOX,1.0
XO O  XX ,0.0
XO O  XXO,0.0
XO O O XX,1.0
XO O OX X,1.0
XO O OXX ,1.0
XO O OXXX,1.0
XO O X   ,1.0
XO O X  X,1.0
XO O X OX,1.0
XO O X X ,0.0
XO O X XO,0.0
XO O XO X,1.0
XO O XOX ,1.0
XO O XOXX,1.0
XO O XX  ,0.0
XO O XX O,0.0
XO O XXO ,1.0
XO O XXOX,-1.0
XO O XXXO,0.0
XO OO  XX,1.0
XO OO X X,0.0
XO OO XX ,1.0
XO OO XXX,1.0
XO OOX  X,1.0
XO OOX X ,1.0
XO OOX XX,1.0
XO OOXOXX,1.0
XO OOXX  ,0.0
XO OOXX X,-1.0
XO OOXXOX,-1.0
XO OOXXX ,0.0
XO OOXXXO,0.0
XO OX    ,1.0
XO OX   X,1.0
XO OX  X ,0.0
XO OX  XO,0.0
XO OX OX ,1.0
XO OX OXX,1.0
XO OX X  ,0.0
XO OX X O,1.0
XO OX XO ,1.0
XO OX XOX,1.0
XO OX XXO,0.0
XO OXO X ,1.0
XO OXO XX,1.0
XO OXOX  ,1.0
XO OXOX X,1.0
XO OXOXXO,1.0
XO OXX   ,0.0
XO OXX  O,0.0
XO OXX O ,1.0
XO OXX XO,0.0
XO OXXO  ,1.0
XO OXXO X,1.0
XO OXXOX ,0.0
XO OXXOXO,0.0
XO OXXX O,0.0
XO OXXXO ,1.0
XO OXXXOO,1.0
XO X     ,0.0
XO X    O,1.0
XO X   O ,1.0
XO X   OX,-1.0
XO X   XO,0.0
XO X  O  ,0.0
XO X  O X,-1.0
XO X  OOX,1.0
XO X  OX ,0.0
XO X  OXO,0.0
XO X  X O,1.0
XO X  XO ,1.0
XO X O   ,1.0
XO X O  X,0.0
XO X O OX,1.0
XO X O X ,0.0
XO X O XO,1.0
XO X OO X,1.0
XO X OOX ,0.0
XO X OOXX,0.0
XO X OX  ,1.0
XO X OXOX,1.0
XO X OXXO,1.0
XO X X  O,1.0
XO X X O ,-1.0
XO X X OO,1.0
XO X XO  ,0.0
XO X XO O,1.0
XO X XOO ,1.0
XO X XOOX,0.0
XO X XOXO,0.0
XO X XXOO,1.0
XO XO    ,1.0
XO XO   X,-1.0
XO XO  OX,-1.0
XO XO  X ,0.0
XO XO  XO,1.0
XO XO O X,-1.0
XO XO OX ,0.0
XO XO OXX,-1.0
XO XO X  ,1.0
XO XO XXO,1.0
XO XOO  X,1.0
XO XOO X ,1.0
XO XOO XX,0.0
XO XOOOXX,0.0
XO XOOX X,1.0
XO XOOXX ,1.0
XO XOX   ,-1.0
XO XOX  O,1.0
XO XOX O ,-1.0
XO XOX XO,0.0
XO XOXO X,-1.0
XO XOXOOX,-1.0
XO XOXOX ,-1.0
XO XOXOXO,0.0
XO XOXX O,1.0
XO XX   O,0.0
XO XX  O ,0.0
XO XX  OO,1.0
XO XX O  ,1.0
XO XX O O,1.0
XO XX OO ,1.0
XO XX OOX,1.0
XO XX OXO,0.0
XO XXO   ,1.0
XO XXO  O,1.0
XO XXO O ,1.0
XO XXO OX,1.0
XO XXO XO,-1.0
XO XXOO  ,1.0
XO XXOO X,1.0
XO XXOOX ,0.0
XO XXOOXO,0.0
XO XXOX O,1.0
XO XXOXO ,1.0
XO XXX OO,1.0
XO XXXO O,1.0
XO XXXOO ,1.0
XOO     X,1.0
XOO    X ,1.0
XOO    XX,1.0
XOO   OXX,1.0
XOO   X  ,1.0
XOO   X X,0.0
XOO   XOX,1.0
XOO   XX ,0.0
XOO   XXO,1.0
XOO  O XX,1.0
XOO  OXX ,1.0
XOO  OXXX,1.0
XOO  X   ,1.0
XOO  X  X,0.0
XOO  X OX,0.0
XOO  X X ,1.0
XOO  X XO,1.0
XOO  XO X,1.0
XOO  XOX ,1.0
XOO  XOXX,-1.0
XOO  XX  ,1.0
XOO  XX O,1.0
XOO  XXO ,1.0
XOO  XXOX,-1.0
XOO  XXXO,0.0
XOO O  XX,1.0
XOO O X X,1.0
XOO O XX ,1.0
XOO O XXX,1.0
XOO OX  X,-1.0
XOO OX X ,1.0
XOO OX XX,-1.0
XOO OXOXX,-1.0
XOO OXX  ,1.0
XOO OXX X,-1.0
XOO OXXOX,-1.0
XOO OXXX ,1.0
XOO OXXXO,1.0
XOO X    ,1.0
XOO X   X,1.0
XOO X  X ,0.0
XOO X  XO,0.0
XOO X OX ,1.0
XOO X OXX,1.0
XOO X X  ,1.0
XOO X X O,1.0
XOO X XO ,1.0
XOO X XOX,1.0
XOO X XXO,-1.0
XOO XO X ,1.0
XOO XO XX,1.0
XOO XOX  ,1.0
XOO XOX X,1.0
XOO XOXX ,-1.0
XOO XOXXO,-1.0
XOO XX   ,1.0
XOO XX  O,1.0
XOO XX O ,1.0
XOO XX OX,1.0
XOO XX XO,0.0
XOO XXO  ,1.0
XOO XXO X,1.0
XOO XXOX ,1.0
XOO XXOXO,1.0
XOO XXX O,0.0
XOO XXXO ,1.0
XOO XXXOO,1.0
XOOO   XX,1.0
XOOO  X X,1.0
XOOO  XX ,0.0
XOOO  XXX,1.0
XOOO X  X,1.0
XOOO X X ,1.0
XOOO X XX,1.0
XOOO XOXX,1.0
XOOO XX  ,1.0
XOOO XX X,1.0
XOOO XXOX,1.0
XOOO XXX ,0.0
XOOO XXXO,0.0
XOOOOX XX,1.0
XOOOOXX X,1.0
XOOOOXXX ,1.0
XOOOOXXXX,1.0
XOOOX  X ,1.0
XOOOX  XX,1.0
XOOOX X  ,1.0
XOOOX X X,1.0
XOOOX XX ,0.0
XOOOX XXO,0.0
XOOOXOXX ,0.0
XOOOXOXXX,1.0
XOOOXX   ,1.0
XOOOXX  X,1.0
XOOOXX X ,0.0
XOOOXX XO,0.0
XOOOXXOX ,1.0
XOOOXXOXX,1.0
XOOOXXX  ,0.0
XOOOXXX O,0.0
XOOOXXXO ,1.0
XOOOXXXOX,1.0
XOOOXXXXO,0.0
XOOX     ,1.0
XOOX    X,1.0
XOOX   OX,1.0
XOOX   X ,1.0
XOOX   XO,1.0
XOOX  O X,1.0
XOOX  OX ,1.0
XOOX  OXX,-1.0
XOOX  X  ,1.0
XOOX  XOX,1.0
XOOX  XXO,1.0
XOOX O  X,1.0
XOOX O X ,1.0
XOOX O XX,1.0
XOOX OOXX,1.0
XOOX OX X,1.0
XOOX X   ,0.0
XOOX X  O,1.0
XOOX X O ,1.0
XOOX X OX,-1.0
XOOX X XO,1.0
XOOX XO  ,1.0
XOOX XO X,-1.0
XOOX XOX ,-1.0
XOOX XOXO,1.0
XOOX XX O,1.0
XOOX XXO ,1.0
XOOXO   X,1.0
XOOXO  X ,1.0
XOOXO  XX,-1.0
XOOXO OXX,-1.0
XOOXO X X,1.0
XOOXO XX ,1.0
XOOXOO XX,1.0
XOOXOOXXX,1.0
XOOXOX   ,1.0
XOOXOX  X,-1.0
XOOXOX OX,-1.0
XOOXOX X ,-1.0
XOOXOX XO,1.0
XOOXOXO X,-1.0
XOOXOXOX ,-1.0
XOOXOXX  ,1.0
XOOXOXXXO,1.0
XOOXX    ,0.0
XOOXX   O,1.0
XOOXX  O ,1.0
XOOXX  OX,1.0
XOOXX  XO,-1.0
XOOXX O  ,1.0
XOOXX O X,1.0
XOOXX OX ,1.0
XOOXX OXO,1.0
XOOXX X O,1.0
XOOXX XO ,1.0
XOOXXO   ,1.0
XOOXXO  X,1.0
XOOXXO X ,-1.0
XOOXXO XO,-1.0
XOOXXOOX ,1.0
XOOXXOOXX,1.0
XOOXXOX  ,1.0
XOOXXOXOX,1.0
XOOXXX  O,1.0
XOOXXX O ,1.0
XOOXXXO  ,1.0
XOOXXXOXO,1.0
XOOXXXXOO,1.0
XOX      ,0.0
XOX     O,1.0
XOX    O ,1.0
XOX    OX,-1.0
XOX    XO,0.0
XOX   O  ,0.0
XOX   O X,0.0
XOX   OOX,1.0
XOX   OX ,0.0
XOX   OXO,0.0
XOX   X O,1.0
XOX   XO ,-1.0
XOX   XOO,1.0
XOX  O   ,1.0
XOX  O  X,0.0
XOX  O OX,1.0
XOX  O X ,0.0
XOX  O XO,1.0
XOX  OO X,1.0
XOX  OOX ,0.0
XOX  OOXX,0.0
XOX  OX  ,0.0
XOX  OX O,1.0
XOX  OXO ,1.0
XOX  OXOX,-1.0
XOX  OXXO,1.0
XOX  X  O,-1.0
XOX  X O ,-1.0
XOX  X OO,-1.0
XOX  XO  ,0.0
XOX  XO O,0.0
XOX  XOOX,1.0
XOX  XOXO,0.0
XOX  XXOO,-1.0
XOX O    ,0.0
XOX O   X,-1.0
XOX O  OX,-1.0
XOX O  X ,0.0
XOX O  XO,0.0
XOX O O X,1.0
XOX O OX ,0.0
XOX O OXX,0.0
XOX O X  ,-1.0
XOX O X O,1.0
XOX O XO ,-1.0
XOX O XXO,0.0
XOX OO  X,-1.0
XOX OO X ,0.0
XOX OO XX,-1.0
XOX OOOXX,0.0
XOX OOX  ,1.0
XOX OOX X,-1.0
XOX OOXOX,-1.0
XOX OOXX ,-1.0
XOX OOXXO,1.0
XOX OX   ,-1.0
XOX OX  O,0.0
XOX OX O ,-1.0
XOX OX XO,0.0
XOX OXO  ,1.0
XOX OXO X,1.0
XOX OXOX ,0.0
XOX OXOXO,0.0
XOX OXX O,-1.0
XOX OXXOO,-1.0
XOX X   O,0.0
XOX X  O ,1.0
XOX X  OO,1.0
XOX X O  ,0.0
XOX X O O,0.0
XOX X OO ,1.0
XOX X OOX,1.0
XOX X OXO,0.0
XOX X XOO,1.0
XOX XO   ,1.0
XOX XO  O,1.0
XOX XO O ,1.0
XOX XO OX,1.0
XOX XO XO,0.0
XOX XOO  ,1.0
XOX XOO X,1.0
XOX XOOX ,0.0
XOX XOOXO,0.0
XOX XOX O,1.0
XOX XOXO ,1.0
XOX XX OO,-1.0
XOX XXO O,-1.0
XOX XXOO ,-1.0
XOX XXOOO,-1.0
XOXO     ,1.0
XOXO    X,1.0
XOXO   OX,1.0
XOXO   X ,0.0
XOXO   XO,0.0
XOXO  O X,1.0
XOXO  OX ,1.0
XOXO  OXX,1.0
XOXO  X  ,0.0
XOXO  X O,1.0
XOXO  XO ,0.0
XOXO  XOX,-1.0
XOXO  XXO,0.0
XOXO O  X,1.0
XOXO O X ,0.0
XOXO O XX,-1.0
XOXO OOXX,1.0
XOXO OX  ,1.0
XOXO OX X,-1.0
XOXO OXOX,1.0
XOXO OXX ,0.0
XOXO OXXO,1.0
XOXO X   ,0.0
XOXO X  O,0.0
XOXO X O ,1.0
XOXO X OX,1.0
XOXO X XO,0.0
XOXO XO  ,0.0
XOXO XOX ,0.0
XOXO XOXO,0.0
XOXO XX O,0.0
XOXO XXO ,-1.0
XOXO XXOO,1.0
XOXOO   X,1.0
XOXOO  X ,0.0
XOXOO  XX,-1.0
XOXOO OXX,1.0
XOXOO X X,-1.0
XOXOO XOX,-1.0
XOXOO XX ,-1.0
XOXOO XXO,0.0
XOXOOO XX,-1.0
XOXOOOX X,-1.0
XOXOOOXX ,-1.0
XOXOOX   ,1.0
XOXOOX  X,1.0
XOXOOX X ,0.0
XOXOOX XO,0.0
XOXOOXOX ,1.0
XOXOOXOXX,1.0
XOXOOXX  ,-1.0
XOXOOXX O,0.0
XOXOOXXO ,-1.0
XOXOOXXXO,0.0
XOXOX    ,1.0
XOXOX   O,1.0
XOXOX  O ,1.0
XOXOX  OX,1.0
XOXOX  XO,0.0
XOXOX O  ,1.0
XOXOX O X,1.0
XOXOX OX ,0.0
XOXOX OXO,0.0
XOXOX X O,1.0
XOXOX XO ,1.0
XOXOXO   ,1.0
XOXOXO  X,1.0
XOXOXO XO,1.0
XOXOXOOX ,1.0
XOXOXOOXX,1.0
XOXOXOX  ,1.0
XOXOXOXOX,1.0
XOXOXOXXO,1.0
XOXOXX  O,0.0
XOXOXX O ,0.0
XOXOXX OO,1.0
XOXOXXO  ,0.0
XOXOXXO O,0.0
XOXOXXOO ,1.0
XOXOXXOOX,1.0
XOXOXXOXO,0.0
XOXOXXXOO,1.0
XOXX    O,0.0
XOXX   O ,-1.0
XOXX   OO,0.0
XOXX  O  ,-1.0
XOXX  O O,0.0
XOXX  OO ,-1.0
XOXX  OOX,-1.0
XOXX  OXO,0.0
XOXX  XOO,1.0
XOXX O   ,0.0
XOXX O  O,1.0
XOXX O O ,1.0
XOXX O OX,-1.0
XOXX O XO,0.0
XOXX OO  ,0.0
XOXX OO X,0.0
XOXX OOOX,1.0
XOXX OOX ,0.0
XOXX OOXO,0.0
XOXX OX O,1.0
XOXX OXO ,1.0
XOXX X OO,-1.0
XOXX XO O,-1.0
XOXX XOO ,-1.0
XOXX XOOO,-1.0
XOXXO    ,-1.0
XOXXO   O,1.0
XOXXO  O ,-1.0
XOXXO  XO,0.0
XOXXO O  ,0.0
XOXXO O X,-1.0
XOXXO OOX,-1.0
XOXXO OX ,0.0
XOXXO OXO,0.0
XOXXO X O,1.0
XOXXOO   ,1.0
XOXXOO  X,-1.0
XOXXOO OX,-1.0
XOXXOO X ,0.0
XOXXOO XO,1.0
XOXXOOO X,0.0
XOXXOOOX ,0.0
XOXXOOOXX,0.0
XOXXOOX  ,1.0
XOXXOOXXO,1.0
XOXXOX  O,-1.0
XOXXOX OO,-1.0
XOXXOXO  ,-1.0
XOXXOXO O,0.0
XOXXOXOO ,-1.0
XOXXOXOXO,0.0
XOXXX  OO,-1.0
XOXXX O O,-1.0
XOXXX OO ,-1.0
XOXXX OOO,-1.0
XOXXXO  O,0.0
XOXXXO O ,0.0
XOXXXO OO,0.0
XOXXXOO  ,0.0
XOXXXOO O,0.0
XOXXXOOO ,1.0
XOXXXOOOX,1.0
XOXXXOOXO,0.0
XOXXXOXOO,1.0
XX      O,-1.0
XX     O ,0.0
XX     OO,1.0
XX    O  ,1.0
XX    O O,1.0
XX    OO ,1.0
XX    OOX,0.0
XX    OXO,1.0
XX    XOO,1.0
XX   O   ,-1.0
XX   O  O,1.0
XX   O O ,1.0
XX   O OX,1.0
XX   O XO,-1.0
XX   OO  ,1.0
XX   OO X,1.0
XX   OOOX,1.0
XX   OOX ,1.0
XX   OOXO,1.0
XX   OX O,-1.0
XX   OXO ,1.0
XX   OXOO,1.0
XX   X OO,-1.0
XX   XO O,-1.0
XX   XOO ,-1.0
XX   XOOO,-1.0
XX  O    ,0.0
XX  O   O,1.0
XX  O  O ,1.0
XX  O  OX,0.0
XX  O  XO,-1.0
XX  O O  ,1.0
XX  O O X,-1.0
XX  O OOX,1.0
XX  O OX ,-1.0
XX  O OXO,1.0
XX  O X O,1.0
XX  O XO ,1.0
XX  O XOO,1.0
XX  OO   ,1.0
XX  OO  X,-1.0
XX  OO OX,1.0
XX  OO X ,-1.0
XX  OO XO,1.0
XX  OOO X,1.0
XX  OOOX ,1.0
XX  OOOXX,-1.0
XX  OOX  ,-1.0
XX  OOX O,1.0
XX  OOXO ,1.0
XX  OOXOX,-1.0
XX  OOXXO,-1.0
XX  OX  O,0.0
XX  OX O ,0.0
XX  OX OO,1.0
XX  OXO  ,-1.0
XX  OXO O,1.0
XX  OXOO ,1.0
XX  OXOOX,-1.0
XX  OXOXO,-1.0
XX  OXXOO,1.0
XX  X  OO,-1.0
XX  X O O,-1.0
XX  X OO ,-1.0
XX  X OOO,-1.0
XX  XO  O,-1.0
XX  XO O ,1.0
XX  XO OO,1.0
XX  XOO  ,1.0
XX  XOO O,1.0
XX  XOOO ,1.0
XX  XOOOX,1.0
XX  XOOXO,1.0
XX  XOXOO,-1.0
XX O     ,1.0
XX O    O,1.0
XX O   O ,1.0
XX O   OX,0.0
XX O   XO,1.0
XX O  O  ,1.0
XX O  O X,0.0
XX O  OOX,1.0
XX O  OX ,1.0
XX O  OXO,1.0
XX O  X O,0.0
XX O  XO ,0.0
XX O  XOO,1.0
XX O O   ,1.0
XX O O  X,-1.0
XX O O OX,1.0
XX O O X ,-1.0
XX O O XO,1.0
XX O OO X,1.0
XX O OOX ,1.0
XX O OX  ,-1.0
XX O OX O,1.0
XX O OXO ,1.0
XX O OXOX,-1.0
XX O OXXO,-1.0
XX O X  O,0.0
XX O X O ,0.0
XX O X OO,1.0
XX O XO  ,1.0
XX O XO O,1.0
XX O XOO ,1.0
XX O XOOX,1.0
XX O XOXO,1.0
XX O XXOO,0.0
XX OO    ,1.0
XX OO   X,-1.0
XX OO  OX,1.0
XX OO  X ,-1.0
XX OO  XO,1.0
XX OO O X,0.0
XX OO OX ,1.0
XX OO OXX,-1.0
XX OO X  ,-1.0
XX OO X O,1.0
XX OO XO ,1.0
XX OO XOX,-1.0
XX OO XXO,-1.0
XX OOO  X,-1.0
XX OOO X ,-1.0
XX OOOOXX,-1.0
XX OOOX  ,-1.0
XX OOOXOX,-1.0
XX OOOXXO,-1.0
XX OOX   ,0.0
XX OOX  O,1.0
XX OOX O ,1.0
XX OOX OX,0.0
XX OOX XO,0.0
XX OOXO  ,1.0
XX OOXO X,-1.0
XX OOXOOX,1.0
XX OOXOX ,-1.0
XX OOXOXO,1.0
XX OOXX O,0.0
XX OOXXO ,0.0
XX OOXXOO,1.0
XX OX   O,1.0
XX OX  O ,0.0
XX OX  OO,1.0
XX OX O  ,0.0
XX OX O O,1.0
XX OX OO ,1.0
XX OX OOX,1.0
XX OX OXO,1.0
XX OX XOO,0.0
XX OXO  O,1.0
XX OXO O ,1.0
XX OXO XO,1.0
XX OXOO  ,1.0
XX OXOOX ,1.0
XX OXOX O,0.0
XX OXOXO ,1.0
XX OXOXOO,1.0
XX OXX OO,-1.0
XX OXXO O,-1.0
XX OXXOO ,-1.0
XX OXXOOO,-1.0
XX X   OO,-1.0
XX X  O O,-1.0
XX X  OO ,-1.0
XX X  OOO,-1.0
XX X O  O,-1.0
XX X O O ,1.0
XX X O OO,1.0
XX X OO  ,-1.0
XX X OO O,1.0
XX X OOO ,1.0
XX X OOOX,1.0
XX X OOXO,-1.0
XX XO   O,1.0
XX XO  O ,1.0
XX XO  OO,1.0
XX XO O  ,-1.0
XX XO O O,1.0
XX XO OO ,1.0
XX XO OOX,-1.0
XX XO OXO,-1.0
XX XO XOO,1.0
XX XOO   ,1.0
XX XOO  O,1.0
XX XOO O ,1.0
XX XOO OX,1.0
XX XOO XO,-1.0
XX XOOO  ,1.0
XX XOOO X,-1.0
XX XOOOOX,1.0
XX XOOOX ,-1.0
XX XOOOXO,1.0
XX XOOX O,1.0
XX XOOXO ,1.0
XX XOX OO,-1.0
XX XOXO O,-1.0
XX XOXOO ,-1.0
XX XOXOOO,-1.0
XX XXO OO,-1.0
XX XXOO O,-1.0
XX XXOOO ,-1.0
XX XXOOOO,-1.0
XXO      ,-1.0
XXO     O,-1.0
XXO    O ,0.0
XXO    OX,0.0
XXO    XO,-1.0
XXO   O  ,1.0
XXO   O X,-1.0
XXO   OOX,1.0
XXO   OX ,-1.0
XXO   OXO,1.0
XXO   X O,-1.0
XXO   XO ,0.0
XXO   XOO,1.0
XXO  O   ,-1.0
XXO  O  X,-1.0
XXO  O OX,1.0
XXO  O X ,-1.0
XXO  O XO,-1.0
XXO  OO X,1.0
XXO  OOX ,1.0
XXO  OOXX,0.0
XXO  OX  ,-1.0
XXO  OX O,-1.0
XXO  OXO ,1.0
XXO  OXOX,1.0
XXO  X  O,-1.0
XXO  X O ,-1.0
XXO  X OO,0.0
XXO  XO  ,-1.0
XXO  XO O,-1.0
XXO  XOO ,-1.0
XXO  XOOX,-1.0
XXO  XOXO,-1.0
XXO  XXOO,0.0
XXO O    ,0.0
XXO O   X,-1.0
XXO O  OX,0.0
XXO O  X ,-1.0
XXO O  XO,-1.0
XXO O O X,-1.0
XXO O OX ,-1.0
XXO O X  ,0.0
XXO O X O,1.0
XXO O XO ,1.0
XXO O XOX,0.0
XXO O XXO,-1.0
XXO OO  X,-1.0
XXO OO X ,0.0
XXO OO XX,-1.0
XXO OOX  ,1.0
XXO OOX X,-1.0
XXO OOXOX,1.0
XXO OOXX ,-1.0
XXO OOXXO,-1.0
XXO OX   ,-1.0
XXO OX  O,0.0
XXO OX O ,0.0
XXO OX OX,-1.0
XXO OX XO,-1.0
XXO OXO  ,-1.0
XXO OXOOX,-1.0
XXO OXOXO,-1.0
XXO OXX O,0.0
XXO OXXO ,0.0
XXO OXXOO,1.0
XXO X   O,-1.0
XXO X  O ,-1.0
XXO X  OO,-1.0
XXO X O  ,1.0
XXO X O O,1.0
XXO X OO ,1.0
XXO X OOX,1.0
XXO X OXO,1.0
XXO X XOO,-1.0
XXO XO   ,-1.0
XXO XO  O,-1.0
XXO XO O ,1.0
XXO XO OX,1.0
XXO XOO  ,1.0
XXO XOO X,1.0
XXO XOOX ,1.0
XXO XOXO ,-1.0
XXO XOXOO,-1.0
XXO XX OO,-1.0
XXO XXO O,-1.0
XXO XXOO ,-1.0
XXO XXOOO,-1.0
XXOO     ,1.0
XXOO    X,0.0
XXOO   OX,1.0
XXOO   X ,0.0
XXOO   XO,1.0
XXOO  O X,1.0
XXOO  OX ,1.0
XXOO  OXX,-1.0
XXOO  X  ,-1.0
XXOO  X O,0.0
XXOO  XO ,0.0
XXOO  XOX,0.0
XXOO  XXO,-1.0
XXOO O  X,1.0
XXOO O X ,0.0
XXOO O XX,-1.0
XXOO OOXX,1.0
XXOO OX  ,-1.0
XXOO OX X,-1.0
XXOO OXOX,1.0
XXOO OXX ,-1.0
XXOO OXXO,-1.0
XXOO X   ,0.0
XXOO X  O,0.0
XXOO X O ,0.0
XXOO X OX,0.0
XXOO X XO,0.0
XXOO XO  ,1.0
XXOO XO X,-1.0
XXOO XOOX,1.0
XXOO XOX ,-1.0
XXOO XOXO,1.0
XXOO XX O,0.0
XXOO XXO ,0.0
XXOO XXOO,0.0
XXOOO   X,0.0
XXOOO  XX,-1.0
XXOOO OXX,-1.0
XXOOO X  ,0.0
XXOOO X X,-1.0
XXOOO XOX,0.0
XXOOO XX ,-1.0
XXOOO XXO,0.0
XXOOOO XX,-1.0
XXOOOOX X,-1.0
XXOOOOXX ,-1.0
XXOOOX   ,0.0
XXOOOX  X,-1.0
XXOOOX OX,0.0
XXOOOX X ,-1.0
XXOOOX XO,0.0
XXOOOXO X,-1.0
XXOOOXOX ,-1.0
XXOOOXX  ,0.0
XXOOOXX O,0.0
XXOOOXXO ,0.0
XXOOOXXOX,0.0
XXOOOXXXO,0.0
XXOOX    ,1.0
XXOOX   O,1.0
XXOOX  O ,1.0
XXOOX  OX,1.0
XXOOX  XO,1.0
XXOOX O  ,1.0
XXOOX O X,1.0
XXOOX OX ,1.0
XXOOX X O,-1.0
XXOOX XO ,0.0
XXOOX XOO,0.0
XXOOXO   ,1.0
XXOOXO  X,1.0
XXOOXO X ,1.0
XXOOXOOXX,1.0
XXOOXOX  ,-1.0
XXOOXOX O,-1.0
XXOOXOXO ,1.0
XXOOXOXOX,1.0
XXOOXX  O,0.0
XXOOXX O ,0.0
XXOOXX OO,0.0
XXOOXXO  ,1.0
XXOOXXO O,1.0
XXOOXXOO ,1.0
XXOOXXOOX,1.0
XXOOXXOXO,1.0
XXOOXXXOO,0.0
XXOX    O,-1.0
XXOX   O ,-1.0
XXOX   OO,1.0
XXOX  O  ,-1.0
XXOX  O O,0.0
XXOX  OO ,-1.0
XXOX  OOX,-1.0
XXOX  OXO,-1.0
XXOX  XOO,1.0
XXOX O   ,-1.0
XXOX O  O,-1.0
XXOX O O ,1.0
XXOX O OX,1.0
XXOX OO  ,-1.0
XXOX OO X,-1.0
XXOX OOOX,1.0
XXOX OOX ,-1.0
XXOX OOXO,-1.0
XXOX OXO ,1.0
XXOX X OO,-1.0
XXOX XO O,-1.0
XXOX XOO ,-1.0
XXOX XOOO,-1.0
XXOXO    ,-1.0
XXOXO   O,1.0
XXOXO  O ,1.0
XXOXO  OX,-1.0
XXOXO  XO,-1.0
XXOXO O  ,-1.0
XXOXO OOX,-1.0
XXOXO OXO,-1.0
XXOXO X O,1.0
XXOXO XO ,1.0
XXOXOO   ,1.0
XXOXOO  X,-1.0
XXOXOO OX,1.0
XXOXOO X ,-1.0
XXOXOO XO,-1.0
XXOXOOO X,-1.0
XXOXOOOX ,-1.0
XXOXOOX  ,1.0
XXOXOOXOX,1.0
XXOXOX  O,-1.0
XXOXOX O ,-1.0
XXOXOX OO,1.0
XXOXOXO O,-1.0
XXOXOXOO ,-1.0
XXOXOXXOO,1.0
XXOXX  OO,-1.0
XXOXX O O,-1.0
XXOXX OO ,-1.0
XXOXX OOO,-1.0
XXOXXO O ,-1.0
XXOXXO OO,-1.0
XXOXXOO  ,-1.0
XXOXXOO O,-1.0
XXOXXOOO ,1.0
XXOXXOOOX,1.0
XXX    OO,1.0
XXX   O O,1.0
XXX   OO ,1.0
XXX  O  O,1.0
XXX  O O ,1.0
XXX  OO  ,1.0
XXX  OOOX,1.0
XXX  OOXO,1.0
XXX  OXOO,1.0
XXX O   O,1.0
XXX O  O ,1.0
XXX O O  ,1.0
XXX O OOX,1.0
XXX O OXO,1.0
XXX O XOO,1.0
XXX OO   ,1.0
XXX OO OX,1.0
XXX OO XO,1.0
XXX OOO X,1.0
XXX OOOX ,1.0
XXX OOX O,1.0
XXX OOXO ,1.0
XXX OX OO,1.0
XXX OXO O,1.0
XXX OXOO ,1.0
XXX XO OO,1.0
XXX XOO O,1.0
XXX XOOO ,1.0
XXXO    O,1.0
XXXO   O ,1.0
XXXO  O  ,1.0
XXXO  OXO,1.0
XXXO  XOO,1.0
XXXO O   ,1.0
XXXO O OX,1.0
XXXO O XO,1.0
XXXO OO X,1.0
XXXO OOX ,1.0
XXXO OX O,1.0
XXXO OXO ,1.0
XXXO X OO,1.0
XXXO XO O,1.0
XXXOO    ,1.0
XXXOO  OX,1.0
XXXOO  XO,1.0
XXXOO O X,1.0
XXXOO OX ,1.0
XXXOO X O,1.0
XXXOO XO ,1.0
XXXOOX  O,1.0
XXXOOX O ,1.0
XXXOOXO  ,1.0
XXXOOXOOX,1.0
XXXOOXOXO,1.0
XXXOOXXOO,1.0
XXXOX  OO,1.0
XXXOX O O,1.0
XXXOX OO ,1.0
XXXOXO  O,1.0
XXXOXO O ,1.0
XXXOXOO  ,1.0
XXXOXOOOX,1.0
XXXOXOOXO,1.0
XXXOXOXOO,1.0
XXXX O OO,1.0
XXXX OO O,1.0
XXXX OOO ,1.0
XXXXO  OO,1.0
XXXXO O O,1.0
XXXXO OO ,1.0
XXXXOO  O,1.0
XXXXOO O ,1.0
XXXXOOO  ,1.0
XXXXOOOOX,1.0
XXXXOOOXO,1.0
XXXXOOXOO,1.0
